SiteName,Lat,Lon,State,DoiRegion,Huc6,DataUnits,DataValue,DataDate,DateQueried,DataDateMax,DataDateP90,DataDateP75,DataDateP50,DataDateP25,DataDateP10,DataDateMin,DataDateAvg,DataValuePctMdn,DataValuePctAvg,StatsPeriod,MaxCapacity,ActiveCapacity,PctFull,TeacupUrl,DataUrl,Comment
Marys Lake (Marys Lake Dikes),40.3440796,-105.5343083,CO,Upper Colorado Basin,101900,af,,,04/10/1997,898.569,805.3,726.38625,693.989,613.5,567.5199,319.248,673.7085,,,10/1/1990 - 9/30/2020,927,547,,,,
Gray Reef Reservoir (Gray Reef Dam),42.5656,-106.6989,WY,Upper Colorado Basin,101800,,,,04/10/1997,,,,,,,,,,,10/1/1990 - 9/30/2020,1800,1744,,,,
Spring Creek Reservoir (Spring Creek Debris Dam),40.629,-122.474,CA,California-Great Basin,180201,af,688.75,04/10/1997,04/10/1997,5702,2479.2640000000015,1877.5,1321.5,1004.75,865.89,688.75,1691.571333333333,0.5211880438895194,0.407165802841303,10/1/1990 - 9/30/2020,5874,5649,0.11725400068096696,,https://api.wwdh.internetofwater.app/collections/rise-edr/locations/6?parameter-name=Storage&datetime=1997-04-10/1997-04-11&f=csv,
Angostura Reservoir (Angostura Dam),43.3433,-103.4383,SD,Missouri Basin,101201,af,129436,04/10/1997,04/10/1997,129848,129436,119680.25,113416.5,94870.65,67094.52,54398,105497.84666666666,1.141244880594975,1.226906558661513,10/1/1990 - 9/30/2020,123048,80843,1.0519146999544893,,https://api.wwdh.internetofwater.app/collections/rise-edr/locations/257?parameter-name=Storage&datetime=1997-04-10/1997-04-11&f=csv,
Alcova Reservoir (Alcova Dam),42.5489,-106.7206,WY,Upper Colorado Basin,101800,af,166203,04/10/1997,04/10/1997,179620,169826.4,167836.75,166028,163378.5,162670.2,160949,166379.03333333333,1.0010540390777458,0.9989419740588308,10/1/1990 - 9/30/2020,184405,30603,0.9012933488788264,,https://api.wwdh.internetofwater.app/collections/rise-edr/locations/259?parameter-name=Storage&datetime=1997-04-10/1997-04-11&f=csv,
Anchor Reservoir (Anchor Dam),43.6639,-108.8242,WY,Upper Colorado Basin,100800,af,548.491,04/10/1997,04/10/1997,1148.79,711.3460000000002,596.7985,414,316.32349999999997,278,108.803,476.6185,1.3248574879227053,1.1507967063804698,10/1/1990 - 9/30/2020,17228,17162,0.0318371836545159,,https://api.wwdh.internetofwater.app/collections/rise-edr/locations/262?parameter-name=Storage&datetime=1997-04-10/1997-04-11&f=csv,
Lake Alice (Lake Alice Dams),41.9867,-103.6322,NE,Missouri Basin,101800,af,346,04/10/1997,04/10/1997,1580,810.1000000000001,392,81.5,14.5,0,0,295.0666666666667,4.245398773006135,1.1726163578852236,10/1/1990 - 9/30/2020,11034,11034,0.03135762189595795,,https://api.wwdh.internetofwater.app/collections/rise-edr/locations/266?parameter-name=Storage&datetime=1997-04-10/1997-04-11&f=csv,
Avalon Reservoir (Avalon Dam),32.4908,-104.2522,NM,Upper Colorado Basin,130600,af,907,04/10/1997,04/10/1997,3720,2318.4000000000015,1535,1148.5,975,902.7,848,1474.5333333333333,0.7897257292120157,0.6151098652681074,10/1/1990 - 9/30/2020,4466,4466,0.203090013434841,,https://api.wwdh.internetofwater.app/collections/rise-edr/locations/267?parameter-name=Storage&datetime=1997-04-10/1997-04-11&f=csv,
Box Butte Reservoir (Box Butte Dam),42.4583,-103.0667,NE,Missouri Basin,101500,af,18238.9,04/10/1997,04/10/1997,25648,20450.8,19929.9,16841,12445,9363.95,4943,16087.362,1.083005759752984,1.1337408830608773,10/1/1990 - 9/30/2020,29161,26769,0.6254552313020816,,https://api.wwdh.internetofwater.app/collections/rise-edr/locations/268?parameter-name=Storage&datetime=1997-04-10/1997-04-11&f=csv,
Buffalo Bill Reservoir (Buffalo Bill Dam),44.5014,-109.1833,WY,Upper Colorado Basin,100800,af,379873,04/10/1997,04/10/1997,517303,480373.7,454507.25,422500,381365.25,290768.5,194344,405047.23333333334,0.8991076923076923,0.937848647610398,10/1/1990 - 9/30/2020,646565,604817,0.5875248428232274,,https://api.wwdh.internetofwater.app/collections/rise-edr/locations/269?parameter-name=Storage&datetime=1997-04-10/1997-04-11&f=csv,
Lake Berryessa (Monticello Dam),38.513,-122.104,CA,California-Great Basin,180201,af,1591890,04/10/1997,04/10/1997,1639110,1611734,1593622.5,1459005,1229557.5,925521.1,632237,1358786.7333333334,1.091079194382473,1.1715525041187478,10/1/1990 - 9/30/2020,1602278,1591938,0.9935167305548726,,https://api.wwdh.internetofwater.app/collections/rise-edr/locations/272?parameter-name=Storage&datetime=1997-04-10/1997-04-11&f=csv,
Belle Fourche Reservoir (Belle Fourche Dam),44.7367,-103.6742,SD,Missouri Basin,101202,af,173218,04/10/1997,04/10/1997,185777,181262.4,169155.25,155997,120737.5,81966.44,80332.7,143055.14666666667,1.1103931485861909,1.2108477327531313,10/1/1990 - 9/30/2020,172873,169790,1.0019956846933875,,https://api.wwdh.internetofwater.app/collections/rise-edr/locations/274?parameter-name=Storage&datetime=1997-04-10/1997-04-11&f=csv,
Bighorn Lake (Yellowtail Dam),45.3072,-107.9569,MT,Missouri Basin,100800,af,768493,04/10/1997,04/10/1997,965242,881267.7000000001,839652.75,807107,769765.25,678935.6,622134,800460.2,0.9521575206261376,0.960063973199417,10/1/1990 - 9/30/2020,1263682,796209,0.6081379650893184,,https://api.wwdh.internetofwater.app/collections/rise-edr/locations/275?parameter-name=Storage&datetime=1997-04-10/1997-04-11&f=csv,
Big Sandy Reservoir (Big Sandy Dam),42.26841,-109.43201,WY,Upper Colorado Basin,140401,af,28345,04/10/1997,04/10/1997,34159,28446.2,25774,20428,12344,9248.6,5906,19756.237931034484,1.3875562952809868,1.4347367195590253,10/1/1990 - 9/30/2020,38100,38300,0.7439632545931758,,https://api.wwdh.internetofwater.app/collections/rise-edr/locations/277?parameter-name=Storage&datetime=1997-04-10/1997-04-11&f=csv,
Bull Lake (Bull Lake Dam),43.2097,-109.0417,WY,Upper Colorado Basin,100800,af,82348.8,04/10/1997,04/10/1997,106343,100579.2,95238.475,81892.6,59999.59999999999,54837.46000000001,28514.3,78629.53,1.0055707109067242,1.047301185699571,10/1/1990 - 9/30/2020,152459,151737,0.5401373484018654,,https://api.wwdh.internetofwater.app/collections/rise-edr/locations/278?parameter-name=Storage&datetime=1997-04-10/1997-04-11&f=csv,
Boysen Reservoir (Boysen Dam),43.4,-108.1769,WY,Upper Colorado Basin,100800,af,484047,04/10/1997,04/10/1997,655463,627963.1,592332,570557.5,520405,449125.8000000001,326721,548322.7,0.8483754923912139,0.882777605231372,10/1/1990 - 9/30/2020,892226,673045,0.5425161338046638,,https://api.wwdh.internetofwater.app/collections/rise-edr/locations/281?parameter-name=Storage&datetime=1997-04-10/1997-04-11&f=csv,
Brantley Reservoir (Brantley Dam),32.5442,-104.3814,NM,Upper Colorado Basin,130600,,,,04/10/1997,,,,,,,,,,,10/1/1990 - 9/30/2020,384035,382020,,,,
Caballo Reservoir (Caballo Dam),32.92443,-107.29932,NM,Upper Colorado Basin,130301,af,75210,04/10/1997,04/10/1997,187510,106339.00000000004,73256.5,51120,37683,28451.000000000004,10505,62338.96666666666,1.471244131455399,1.206468506322156,10/1/1990 - 9/30/2020,324509,324509,0.2317655288451168,,https://api.wwdh.internetofwater.app/collections/rise-edr/locations/286?parameter-name=Storage&datetime=1997-04-10/1997-04-11&f=csv,
Calamus Reservoir (Virginia Smith Dam),41.8272,-99.2197,NE,Missouri Basin,102100,af,123096,04/10/1997,04/10/1997,134177,127730.2,126483.5,122645,120311.5,118443.2,113293,122972.60869565218,1.00367727995434,1.0010034047879166,10/1/1990 - 9/30/2020,119469,99319,1.0303593400798534,,https://api.wwdh.internetofwater.app/collections/rise-edr/locations/287?parameter-name=Storage&datetime=1997-04-10/1997-04-11&f=csv,
Carter Lake Reservoir (Carter Lake Dams),40.3242,-105.2119,CO,Upper Colorado Basin,101900,af,64482.9,04/09/1997,04/10/1997,111933,111472,109887.5,106823,95549.85,73727.06,47143.2,97729.23913043478,0.6036424739990451,0.6598117469628265,10/1/1990 - 9/30/2020,112230,101022,0.5745602780005347,,https://api.wwdh.internetofwater.app/collections/rise-edr/locations/288?parameter-name=Storage&datetime=1997-04-09/1997-04-10&f=csv,
Causey Reservoir (Causey Dam),41.29828,-111.58591,UT,Upper Colorado Basin,160201,af,7111,04/07/1997,04/10/1997,7122,6658,5595,4291.5,2817.5,2176.5,1794.41,4248.707692307692,1.6569963882092509,1.6736853921192327,10/1/1990 - 9/30/2020,7870,6870,0.9035578144853876,,https://api.wwdh.internetofwater.app/collections/rise-edr/locations/289?parameter-name=Storage&datetime=1997-04-07/1997-04-08&f=csv,
Choke Canyon Reservoir (Choke Canyon Dam),28.4667,-98.1667,TX,Arkansas-Rio Grande-Texas Gulf,121101,af,172443,04/10/1997,04/10/1997,697101,695450.3999999999,568874,405919,264963,222420.6,172443,421980.5172413793,0.42482120817207375,0.4086515679143546,10/1/1990 - 9/30/2020,695271,694500,0.24802271344554855,,https://api.wwdh.internetofwater.app/collections/rise-edr/locations/291?parameter-name=Storage&datetime=1997-04-10/1997-04-11&f=csv,
Lake Cachuma (Bradbury Dam),34.583,-119.98,CA,Lower Colorado Basin,180600,af,160150,04/10/1997,04/10/1997,196365,192715.1,185346.5,163793.5,125341.5,75961.93000000001,28669,147752.34333333332,0.9777555275392492,1.083908358994329,10/1/1990 - 9/30/2020,193305,171193,0.8284834846486123,,https://api.wwdh.internetofwater.app/collections/rise-edr/locations/292?parameter-name=Storage&datetime=1997-04-10/1997-04-11&f=csv,
Clark Canyon Reservoir (Clark Canyon Dam),45.0017,-112.8575,MT,Missouri Basin,100200,af,152516,04/10/1997,04/10/1997,180967,171039.3,162832.25,134246,113168,84326.70000000001,56421,132724.3,1.1360934404004588,1.1491188877997474,10/1/1990 - 9/30/2020,251436,250321,0.6065798055966528,,https://api.wwdh.internetofwater.app/collections/rise-edr/locations/294?parameter-name=Storage&datetime=1997-04-10/1997-04-11&f=csv,
Canyon Ferry Lake (Canyon Ferry Dam),46.6492,-111.7275,MT,Missouri Basin,100301,af,1162710,04/10/1997,04/10/1997,1629880,1583288,1511285,1453070,1385555,1358863,1162710,1451258.3333333333,0.8001748023150984,0.8011736940930572,10/1/1990 - 9/30/2020,1993036,1604395,0.58338635127514,,https://api.wwdh.internetofwater.app/collections/rise-edr/locations/295?parameter-name=Storage&datetime=1997-04-10/1997-04-11&f=csv,
Cochiti Lake (Cochiti Dam),35.62823,-106.31716,NM,Upper Colorado Basin,130202,af,,,04/10/1997,52742.000003,52678.599999,51998.000001,50601.999997,47933.000001,45904.2000008,41608.067803,49438.239282588234,,,10/1/1990 - 9/30/2020,766819,,,,,
Currant Creek Reservoir (Currant Creek Dam),40.33841,-111.05821,UT,Upper Colorado Basin,140600,af,13054,04/10/1997,04/10/1997,15446.9,15159,15007.75,14915.5,14584.75,14329.65,13054,14758.563333333334,0.8751969427776474,0.8845034374393713,10/1/1990 - 9/30/2020,15671,1118,0.8330036372918129,,https://api.wwdh.internetofwater.app/collections/rise-edr/locations/310?parameter-name=Storage&datetime=1997-04-10/1997-04-11&f=csv,
Davis Creek Reservoir (Davis Creek Dam),41.4047,-98.7078,NE,Missouri Basin,102100,af,24024.6,04/10/1997,04/10/1997,24024.6,17090.260000000002,12443.55,9187.78,8693.4,6878.702,5920.45,11097.765652173914,2.614842758533617,2.1648141394384086,10/1/1990 - 9/30/2020,31158,30986,0.77105719237435,,https://api.wwdh.internetofwater.app/collections/rise-edr/locations/311?parameter-name=Storage&datetime=1997-04-10/1997-04-11&f=csv,
Deer Creek Reservoir (Deer Creek Dam),40.43511,-111.50035,UT,Upper Colorado Basin,160202,af,114207,04/10/1997,04/10/1997,149716,149416.2,139942.75,130170,120186.75,98200,65893,125891.5,0.8773680571560267,0.9071859498059838,10/1/1990 - 9/30/2020,153445,150161,0.7442862263351689,,https://api.wwdh.internetofwater.app/collections/rise-edr/locations/314?parameter-name=Storage&datetime=1997-04-10/1997-04-11&f=csv,
Deerfield Lake (Deerfield Dam),44.0281,-103.7858,SD,Missouri Basin,101201,af,14677,04/10/1997,04/10/1997,15575,15419.5,15373.25,15090.2,14881.125,13148.5,11824,14761.343333333334,0.9726179904838902,0.9942862020462004,10/1/1990 - 9/30/2020,15654,15503,0.9375878369745752,,https://api.wwdh.internetofwater.app/collections/rise-edr/locations/315?parameter-name=Storage&datetime=1997-04-10/1997-04-11&f=csv,
Edward Arthur Patterson Lake (Dickinson Dam),46.8697,-102.8269,ND,Missouri Basin,101302,af,8529,04/10/1997,04/10/1997,10703.8,9286.3,8901.75,8618.5,6057,4648.569,3074.67,7630.708666666666,0.9896153623020248,1.1177205647042132,10/1/1990 - 9/30/2020,8479,8041,1.0058969218068168,,https://api.wwdh.internetofwater.app/collections/rise-edr/locations/318?parameter-name=Storage&datetime=1997-04-10/1997-04-11&f=csv,
East Canyon Reservoir (East Canyon Dam),40.91017,-111.59293,UT,Upper Colorado Basin,160201,af,31138,04/10/1997,04/10/1997,48699,44945.5,42516,39211.5,32311.75,30453.699999999997,28421,37969.816666666666,0.7941037705775091,0.8200724347277597,10/1/1990 - 9/30/2020,51200,48110,0.6081640625,,https://api.wwdh.internetofwater.app/collections/rise-edr/locations/319?parameter-name=Storage&datetime=1997-04-10/1997-04-11&f=csv,
Echo Reservoir (Echo Dam),40.9574,-111.4179,UT,Upper Colorado Basin,160201,af,26710,04/10/1997,04/10/1997,69563,66512.40000000001,60537.5,49482,40846.75,36006.3,26710,49650.3,0.5397922476860273,0.5379625097934957,10/1/1990 - 9/30/2020,73940,73940,0.36123884230457126,,https://api.wwdh.internetofwater.app/collections/rise-edr/locations/320?parameter-name=Storage&datetime=1997-04-10/1997-04-11&f=csv,
Eden Reservoir (Eden Dikes),42.225,-109.3706,WY,Upper Colorado Basin,140401,af,5685,04/10/1997,04/10/1997,8768,8272.1,5763,4398.5,2082.25,1467.5,1418,4520.8,1.2924860747982267,1.257520792780039,10/1/1990 - 9/30/2020,14421,13164,0.3942167672144789,,https://api.wwdh.internetofwater.app/collections/rise-edr/locations/321?parameter-name=Storage&datetime=1997-04-10/1997-04-11&f=csv,
Elephant Butte Reservoir (Elephant Butte Dam),33.22488,-107.17589,NM,Upper Colorado Basin,130202,af,1669710,04/10/1997,04/10/1997,1996600,1924042,1634017.5,526545.5,385938.5,287400.30000000005,221217,904071.7666666666,3.1710649886856883,1.8468777165293624,10/1/1990 - 9/30/2020,2357104,2010900,0.708373495611564,,https://api.wwdh.internetofwater.app/collections/rise-edr/locations/323?parameter-name=Storage&datetime=1997-04-10/1997-04-11&f=csv,
El Vado Reservoir (El Vado Dam),36.5948,-106.7366,NM,Upper Colorado Basin,130201,af,99562,04/10/1997,04/10/1997,155681,142109.5,127691.25,105950.5,49642.75,28851.5,15001,91675.29333333332,0.939702974502244,1.0860287039168826,10/1/1990 - 9/30/2020,214091,191050,0.4650452377727228,,https://api.wwdh.internetofwater.app/collections/rise-edr/locations/324?parameter-name=Storage&datetime=1997-04-10/1997-04-11&f=csv,
Flatiron Reservoir (Flatiron Dam),40.365,-105.2361,CO,Upper Colorado Basin,101900,af,,,04/10/1997,700.37,656.2841,637.05425,583.4655,504.859,443.9473,302.205,562.8802222222222,,,10/1/1990 - 9/30/2020,730,418,,,,
Folsom Lake (Folsom Dam),38.683,-121.183,CA,California-Great Basin,180201,af,481978,04/10/1997,04/10/1997,803902,760755.5,711202,679698,615567.5,490620.7,423478,653971.9,0.7091061030045697,0.7370010852148234,10/1/1990 - 9/30/2020,977000,894000,0.4933244626407369,,https://api.wwdh.internetofwater.app/collections/rise-edr/locations/334?parameter-name=Storage&datetime=1997-04-10/1997-04-11&f=csv,
Fresno Reservoir (Fresno Dam),48.6083,-109.9458,MT,Missouri Basin,100500,af,100749,04/10/1997,04/10/1997,108542,100838.1,82794.75,73387.35,56230.8,31458.9,4288,68399.77,1.3728387794354202,1.472943549371584,10/1/1990 - 9/30/2020,91746,91588,1.0981296187299718,,https://api.wwdh.internetofwater.app/collections/rise-edr/locations/337?parameter-name=Storage&datetime=1997-04-10/1997-04-11&f=csv,
Fruitgrowers Reservoir (Fruitgrowers Dam),38.82675,-107.9542778,CO,Upper Colorado Basin,140200,af,,,04/10/1997,4911,4832.8,3764.5,3600,3431.5,2870.2000000000003,0.1,3579.426315789474,,,10/1/1990 - 9/30/2020,4030,4025,,,,
Gibson Reservoir (Gibson Dam),47.6008,-112.7617,MT,Missouri Basin,100301,af,35547,04/10/1997,04/10/1997,73604,60258.89000000001,52936,41020,25665.25,21648,11729,40997.816666666666,0.8665772793759142,0.8670461719709465,10/1/1990 - 9/30/2020,98688,98688,0.3601957684824903,,https://api.wwdh.internetofwater.app/collections/rise-edr/locations/342?parameter-name=Storage&datetime=1997-04-10/1997-04-11&f=csv,
Glendo Reservoir (Glendo Dam),42.4772,-104.9506,WY,Upper Colorado Basin,101800,af,500328,04/10/1997,04/10/1997,518971,489014.3,434895,391303,360954,349391,322028,402057.9666666667,1.2786204041369476,1.2444175752766662,10/1/1990 - 9/30/2020,763039,711466,0.6557043611139143,,https://api.wwdh.internetofwater.app/collections/rise-edr/locations/345?parameter-name=Storage&datetime=1997-04-10/1997-04-11&f=csv,
Lake Granby (Granby Dam),40.182,-105.8711,CO,Upper Colorado Basin,140100,af,424948,04/10/1997,04/10/1997,482646,434524.4,409084.25,339539.5,252813.5,190395.1,92234.3,325049.71,1.251542162252109,1.307332346181758,10/1/1990 - 9/30/2020,539758,465568,0.7872935648938969,,https://api.wwdh.internetofwater.app/collections/rise-edr/locations/351?parameter-name=Storage&datetime=1997-04-10/1997-04-11&f=csv,
Green Mountain Reservoir (Green Mountain Dam),39.8789,-106.3133,CO,Upper Colorado Basin,140100,af,65146,04/10/1997,04/10/1997,97677.8,72574.2,70041.8,65146,62515,57658.100000000006,36406.3,66000.86896551723,1,0.987047610449434,10/1/1990 - 9/30/2020,153639,112794,0.4240199428530516,,https://api.wwdh.internetofwater.app/collections/rise-edr/locations/353?parameter-name=Storage&datetime=1997-04-10/1997-04-11&f=csv,
Guernsey Reservoir (Guernsey Dam),42.2886,-104.7625,WY,Upper Colorado Basin,101800,af,,,04/10/1997,29817.1,29354.4,26819.3,21416.3,17058.25,6982.56,0,19915.296363636364,,,10/1/1990 - 9/30/2020,45612,45612,,,,
Heron Reservoir (Heron Dam),36.6973,-106.6992,NM,Upper Colorado Basin,130201,af,279260,04/10/1997,04/10/1997,365446,342559.5,306791.25,235074,118538,85553.1,60159,214947.55666666667,1.1879663425134213,1.2992006251695472,10/1/1990 - 9/30/2020,428360,400034,0.6519282846204127,,https://api.wwdh.internetofwater.app/collections/rise-edr/locations/365?parameter-name=Storage&datetime=1997-04-10/1997-04-11&f=csv,
Horsetooth Reservoir (Horsetooth Dam),40.5994,-105.1711,CO,Upper Colorado Basin,101900,af,139738,04/10/1997,04/10/1997,156960,151253.5,139655.75,127042,115775.25,93245.04000000002,37256.7,121297.72,1.0999354544166495,1.1520249514995005,10/1/1990 - 9/30/2020,156735,139135,0.8915558107633904,,https://api.wwdh.internetofwater.app/collections/rise-edr/locations/369?parameter-name=Storage&datetime=1997-04-10/1997-04-11&f=csv,
Hyrum Reservoir (Hyrum Dam),41.62117,-111.86099,UT,Upper Colorado Basin,160102,af,11491.9,04/10/1997,04/10/1997,15293,15173.84,14774,13775,12194,11189.6,10598,13396,0.8342577132486388,0.8578605553896685,10/1/1990 - 9/30/2020,17746,13881,0.6475769187422518,,https://api.wwdh.internetofwater.app/collections/rise-edr/locations/372?parameter-name=Storage&datetime=1997-04-10/1997-04-11&f=csv,
Jackson Gulch Reservoir (Jackson Gulch Dam),37.40186,-108.27342,CO,Upper Colorado Basin,140801,af,6181,04/10/1997,04/10/1997,8376,7057.9000000000005,6287.35,5331.9,4137.5,3149.7000000000003,1918,5245.840333333334,1.1592490481816988,1.1782668947669712,10/1/1990 - 9/30/2020,9980,9950,0.6193386773547094,,https://api.wwdh.internetofwater.app/collections/rise-edr/locations/378?parameter-name=Storage&datetime=1997-04-10/1997-04-11&f=csv,
Jamestown Reservoir (Jamestown Dam),46.9306,-98.7064,ND,Missouri Basin,101600,af,41997,04/10/1997,04/10/1997,118719,75541.1,60085.325,33162.95,28761.424999999996,26728.560000000005,16538.3,44847.35666666667,1.2663831173041,0.9364431512017022,10/1/1990 - 9/30/2020,220990,220698,0.19004027331553464,,https://api.wwdh.internetofwater.app/collections/rise-edr/locations/379?parameter-name=Storage&datetime=1997-04-10/1997-04-11&f=csv,
Jordanelle Reservoir (Jordanelle Dam),40.60689,-111.41655,UT,Upper Colorado Basin,160202,af,227074,04/10/1997,04/10/1997,276024,266858.7,247552.75,226154.5,204675.25,143458.6,3247.42,212190.60428571427,1.0040658045716535,1.0701416340482506,10/1/1990 - 9/30/2020,361500,360500,0.6281438450899032,,https://api.wwdh.internetofwater.app/collections/rise-edr/locations/384?parameter-name=Storage&datetime=1997-04-10/1997-04-11&f=csv,
Keswick Reservoir (Keswick Dam),40.601,-122.443,CA,California-Great Basin,180201,af,23109.9,04/10/1997,04/10/1997,23109.9,22419.870000000003,22055,20931,20577.75,20085.02,18603,21150.223333333335,1.1040991830299556,1.09265512877957,10/1/1990 - 9/30/2020,23772,7470,0.9721479050984352,,https://api.wwdh.internetofwater.app/collections/rise-edr/locations/387?parameter-name=Storage&datetime=1997-04-10/1997-04-11&f=csv,
Keyhole Reservoir (Keyhole Dam),44.3819,-104.7792,WY,Upper Colorado Basin,101202,af,182340,04/10/1997,04/10/1997,198443,182960.7,174065.75,147731,97507.25,56802.52000000001,26508.7,130224.46333333336,1.2342703968699866,1.4001977457435737,10/1/1990 - 9/30/2020,329134,322542,0.553999282966816,,https://api.wwdh.internetofwater.app/collections/rise-edr/locations/388?parameter-name=Storage&datetime=1997-04-10/1997-04-11&f=csv,
Keith Sebelius Lake (Norton Dam),39.8075,-99.9342,KS,Missouri Basin,102500,af,40107.7,04/10/1997,04/10/1997,40107.7,30115.040000000005,25019,17913,10726.25,9130.2,4462,18758.056666666667,2.239027521911461,2.13815859034438,10/1/1990 - 9/30/2020,133740,129747,0.29989307611784055,,https://api.wwdh.internetofwater.app/collections/rise-edr/locations/390?parameter-name=Storage&datetime=1997-04-10/1997-04-11&f=csv,
Kirwin Reservoir (Kirwin Dam),39.6636,-99.1247,KS,Missouri Basin,102600,af,107935,04/10/1997,04/10/1997,110090,107480.1,99682.5,83728.5,38347.5,19943.8,9341,69776.88666666667,1.2891070543482803,1.5468589264467991,10/1/1990 - 9/30/2020,313290,304775,0.344521050783619,,https://api.wwdh.internetofwater.app/collections/rise-edr/locations/391?parameter-name=Storage&datetime=1997-04-10/1997-04-11&f=csv,
Lake Nighthorse (Ridges Basin Dam),37.22392,-107.91694,CO,Upper Colorado Basin,140801,af,,,04/10/1997,113679,113146,112754.5,112009,106492.5,77567,25221,100351.81818181818,,,10/1/1990 - 9/30/2020,123541,93541,,,,
Lake Powell (Glen Canyon Dam),37.05778,-111.30332,UT,Upper Colorado Basin,140700,af,18945900,04/10/1997,04/10/1997,20906300,20149760,16812325,12792450,11096200,10121673,7976700,13986800.666666668,1.4810220090756658,1.3545556594047885,10/1/1990 - 9/30/2020,26215000,20325000,0.7227121876788098,,https://api.wwdh.internetofwater.app/collections/rise-edr/locations/393?parameter-name=Storage&datetime=1997-04-10/1997-04-11&f=csv,
Little Lake Alice (Little Lake Alice Dam),41.9625,-103.5722,NE,Missouri Basin,101800,af,23,04/10/1997,04/10/1997,136,125.3,119,50.5,24,18.800000000000004,7,65.70000000000002,0.45544554455445546,0.35007610350076096,10/1/1990 - 9/30/2020,1166,1143,0.01972555746140652,,https://api.wwdh.internetofwater.app/collections/rise-edr/locations/394?parameter-name=Storage&datetime=1997-04-10/1997-04-11&f=csv,
Lemon Reservoir (Lemon Dam),37.39538,-107.66269,CO,Upper Colorado Basin,140801,af,13423,04/10/1997,04/10/1997,37059,27071.820000000007,24677.75,19099.05,14563.75,9526.7,6740,19853.573333333337,0.7028098256195989,0.6760999531234679,10/1/1990 - 9/30/2020,40146,39030,0.3343546056892343,,https://api.wwdh.internetofwater.app/collections/rise-edr/locations/395?parameter-name=Storage&datetime=1997-04-10/1997-04-11&f=csv,
Lake Elwell (Tiber Dam),48.3183,-111.0908,MT,Missouri Basin,100302,af,810110,04/10/1997,04/10/1997,858565,812722.8,788531.75,750784.5,713759,682627.6000000001,642433,751849,1.0790180138242065,1.0774902939287012,10/1/1990 - 9/30/2020,1328723,774393,0.6096906578722578,,https://api.wwdh.internetofwater.app/collections/rise-edr/locations/396?parameter-name=Storage&datetime=1997-04-10/1997-04-11&f=csv,
Lewiston Lake (Lewiston Dam),40.727,-122.793,CA,California-Great Basin,180102,af,13601.8,04/10/1997,04/10/1997,14352,14257.3,14176.25,13967.15,13705.25,13590.5,13491.5,13940.096666666666,0.9738421940052192,0.9757321147223036,10/1/1990 - 9/30/2020,14660,2890,0.9278171896316508,,https://api.wwdh.internetofwater.app/collections/rise-edr/locations/397?parameter-name=Storage&datetime=1997-04-10/1997-04-11&f=csv,
Lake Minatare (Minatare Dam),41.9183,-103.4886,NE,Missouri Basin,101800,af,37139,04/10/1997,04/10/1997,38573,35112.200000000004,31702.5,28233,16307,9684.000000000002,7066,25021.5,1.3154464633584813,1.4842835161760886,10/1/1990 - 9/30/2020,58795,58697,0.6316693596394252,,https://api.wwdh.internetofwater.app/collections/rise-edr/locations/399?parameter-name=Storage&datetime=1997-04-10/1997-04-11&f=csv,
Lost Creek Reservoir (Lost Creek Dam),41.18887,-111.39628,UT,Upper Colorado Basin,160201,af,0,04/07/1997,04/10/1997,21831,18545.1,17169,14697,10888.9475,7224.799999999999,1284,13634.374642857145,0,0,10/1/1990 - 9/30/2020,22510,20010,0,,https://api.wwdh.internetofwater.app/collections/rise-edr/locations/400?parameter-name=Storage&datetime=1997-04-07/1997-04-08&f=csv,
Lake Tschida (Heart Butte Dam),46.5967,-101.8094,ND,Missouri Basin,101302,af,75168,04/10/1997,04/10/1997,98618,75496.70000000001,70425,67753.5,62243.5,54200.52,38696.9,66354.4,1.109433461002015,1.1328261577227736,10/1/1990 - 9/30/2020,212696,208368,0.3534057998269831,,https://api.wwdh.internetofwater.app/collections/rise-edr/locations/402?parameter-name=Storage&datetime=1997-04-10/1997-04-11&f=csv,
Lovewell Reservoir (Lovewell Dam),39.8845,-98.0281,KS,Missouri Basin,102500,af,40510,04/10/1997,04/10/1997,48190,44793.9,40512.925,36493,33346.25,31399,25518,37153.93,1.1100759049680762,1.0903288023635722,10/1/1990 - 9/30/2020,86131,74487,0.4703300786012005,,https://api.wwdh.internetofwater.app/collections/rise-edr/locations/404?parameter-name=Storage&datetime=1997-04-10/1997-04-11&f=csv,
McGee Creek Reservoir (McGee Creek Dam),34.3145,-95.875,OK,Arkansas-Rio Grande-Texas Gulf,111401,af,113547,04/10/1997,04/10/1997,181145,119789.4,116192,114004,112937,106042.6,80642.4,115531.9103448276,0.9959913687239044,0.982819375712708,10/1/1990 - 9/30/2020,199276,193328,0.5697976675565547,,https://api.wwdh.internetofwater.app/collections/rise-edr/locations/408?parameter-name=Storage&datetime=1997-04-10/1997-04-11&f=csv,
McPhee Reservoir (McPhee Dam),37.53968,-108.54219,CO,Upper Colorado Basin,140300,af,349593,04/10/1997,04/10/1997,358646,340352.8,327121.75,286378,240753,194731.5,177623,279085.5,1.2207397216266611,1.2526376325534647,10/1/1990 - 9/30/2020,381200,229200,0.917085519412382,,https://api.wwdh.internetofwater.app/collections/rise-edr/locations/410?parameter-name=Storage&datetime=1997-04-10/1997-04-11&f=csv,
Meeks Cabin Reservoir (Meeks Cabin Dam),41.01664,-110.58344,WY,Upper Colorado Basin,140401,af,11324,04/10/1997,04/10/1997,28583,21352.800000000003,17398,12657,10247,8655,5592,14293.44,0.8946827842300703,0.7922515503615645,10/1/1990 - 9/30/2020,32470,29480,0.34875269479519555,,https://api.wwdh.internetofwater.app/collections/rise-edr/locations/411?parameter-name=Storage&datetime=1997-04-10/1997-04-11&f=csv,
Millerton Lake (Friant Dam),37.001,-119.705,CA,California-Great Basin,180400,af,286900,04/10/1997,04/10/1997,498152,481447.8000000001,444147.5,401306,295256.25,263869.1,166257,370827.6666666666,0.7149157999132831,0.7736747437938378,10/1/1990 - 9/30/2020,520500,433800,0.5512007684918347,,https://api.wwdh.internetofwater.app/collections/rise-edr/locations/413?parameter-name=Storage&datetime=1997-04-10/1997-04-11&f=csv,
Moon Lake (Moon Lake Dam),40.57445,-110.50665,UT,Upper Colorado Basin,140600,af,24413,04/10/1997,04/10/1997,36023,34160.2,28287,24917,18103,13691.8,12443,24042.72,0.979772845848216,1.015400919696274,10/1/1990 - 9/30/2020,53633,37848,0.4551861726921858,,https://api.wwdh.internetofwater.app/collections/rise-edr/locations/416?parameter-name=Storage&datetime=1997-04-10/1997-04-11&f=csv,
Morrow Point Reservoir (Morrow Point Dam),38.44437,-107.50955,CO,Upper Colorado Basin,140200,af,107791,04/10/1997,04/10/1997,116704,113758.9,112168,109706,107864.25,106699.7,105159,110144.9,0.9825442546442308,0.9786290604467388,10/1/1990 - 9/30/2020,117190,42120,0.919796910999232,,https://api.wwdh.internetofwater.app/collections/rise-edr/locations/417?parameter-name=Storage&datetime=1997-04-10/1997-04-11&f=csv,
Merritt Reservoir (Merritt Dam),42.635,-100.8722,NE,Missouri Basin,101500,af,69668,04/10/1997,04/10/1997,73482.6,71491.66,70226,64966,63604,61931,60591,66619.708,1.0723763199211895,1.0457566100409807,10/1/1990 - 9/30/2020,66726,62064,1.0440907592242905,,https://api.wwdh.internetofwater.app/collections/rise-edr/locations/418?parameter-name=Storage&datetime=1997-04-10/1997-04-11&f=csv,
Mt. Elbert Forebay (Mt. Elbert Forebay Dam),39.1022,-106.3533,CO,Upper Colorado Basin,110200,af,,,04/10/1997,8868,8803.4,8710,8618,8464,7848.6,7434,8471.384615384615,,,10/1/1990 - 9/30/2020,11143,7318,,,,
Lake Nasworthy (Nasworthy Dam),31.3886,-100.4781,TX,Arkansas-Rio Grande-Texas Gulf,120901,af,9277.88,04/10/1997,04/10/1997,10550,9670.796,9099.5,8789.74,8263.64,7876.890000000001,5739.37,8675.500689655173,1.055535203544132,1.069434529705371,10/1/1990 - 9/30/2020,,,,,https://api.wwdh.internetofwater.app/collections/rise-edr/locations/421?parameter-name=Storage&datetime=1997-04-10/1997-04-11&f=csv,
Lake Natoma (Nimbus Dam),38.65,-121.183,CA,California-Great Basin,180201,af,8376,04/10/1997,04/10/1997,8391,8144.330000000001,8020,7784.65,7546.875,7414.8,7173,7798.17,1.07596359502354,1.0740981537976215,10/1/1990 - 9/30/2020,8760,2800,0.9561643835616438,,https://api.wwdh.internetofwater.app/collections/rise-edr/locations/422?parameter-name=Storage&datetime=1997-04-10/1997-04-11&f=csv,
Navajo Reservoir (Navajo Dam),36.85932,-107.53047,NM,Upper Colorado Basin,140801,af,1294440,04/10/1997,04/10/1997,1616250,1556100.0000000002,1475937.5,1329110,1242750,991578.7,812661,1316347.566666667,0.9739148753677273,0.9833573083420952,10/1/1990 - 9/30/2020,1713900,1039500,0.7552599334850342,,https://api.wwdh.internetofwater.app/collections/rise-edr/locations/423?parameter-name=Storage&datetime=1997-04-10/1997-04-11&f=csv,
Nelson Reservoir (Nelson Dikes),48.5297,-107.5186,MT,Missouri Basin,100500,af,56710.6,04/10/1997,04/10/1997,77830,74926.4,70790,60906,53584.95,46504.04,30147,60058.81481481482,0.9311168029422388,0.9442510674721322,10/1/1990 - 9/30/2020,78950,60810,0.7183103229892337,,https://api.wwdh.internetofwater.app/collections/rise-edr/locations/424?parameter-name=Storage&datetime=1997-04-10/1997-04-11&f=csv,
Newton Reservoir (Newton Dam),41.8998,-111.97562,UT,Upper Colorado Basin,160102,af,5464,04/07/1997,04/10/1997,5374,5172.000000000001,4948.705,3736.5,2486,2088.4,1355,3730.937727272727,1.4623310584771845,1.4645111763883878,10/1/1990 - 9/30/2020,5594,5374,0.9767608151590992,,https://api.wwdh.internetofwater.app/collections/rise-edr/locations/425?parameter-name=Storage&datetime=1997-04-07/1997-04-08&f=csv,
Lake Estes (Olympus Dam),40.373,-105.4878,CO,Upper Colorado Basin,101900,af,2509,04/10/1997,04/10/1997,2782,2735,2634,2596,2509,2395.6,2189,2568.4,0.9664869029275808,0.9768727612521414,10/1/1990 - 9/30/2020,2783,2470,0.9015450952209846,,https://api.wwdh.internetofwater.app/collections/rise-edr/locations/429?parameter-name=Storage&datetime=1997-04-10/1997-04-11&f=csv,
Paonia Reservoir (Paonia Dam),38.9442,-107.3517,CO,Upper Colorado Basin,140200,af,1054.18,04/10/1997,04/10/1997,10109.3,7722.505,6452.425,3354.19,1794.58,1034.087,540.86,3986.497333333333,0.3142875030931462,0.2644376533718991,10/1/1990 - 9/30/2020,15522,15514,0.06791521711119701,,https://api.wwdh.internetofwater.app/collections/rise-edr/locations/431?parameter-name=Storage&datetime=1997-04-10/1997-04-11&f=csv,
Pathfinder Reservoir (Pathfinder Dam),42.4681,-106.8536,WY,Upper Colorado Basin,101800,af,904819,04/10/1997,04/10/1997,990753,972982,874023,590065,316172.75,244341.2,207076,596673.6666666667,1.533422589036801,1.51643863396016,10/1/1990 - 9/30/2020,1070185,1038780,0.8454790526871522,,https://api.wwdh.internetofwater.app/collections/rise-edr/locations/433?parameter-name=Storage&datetime=1997-04-10/1997-04-11&f=csv,
Pilot Butte Reservoir (Pilot Butte Dam),43.2,-108.75,WY,Upper Colorado Basin,100800,af,28610,04/10/1997,04/10/1997,36010,32953.94,29790.5,28281,27603.25,27173.7,25907,29227.18666666667,1.0116332520066476,0.978883131185166,10/1/1990 - 9/30/2020,33721,29918,0.8484327273805641,,https://api.wwdh.internetofwater.app/collections/rise-edr/locations/435?parameter-name=Storage&datetime=1997-04-10/1997-04-11&f=csv,
Pineview Reservoir (Pineview Dam),41.26543,-111.80998,UT,Upper Colorado Basin,160201,af,45596,04/10/1997,04/10/1997,98382,86525.5,81230,71772.7,59278.5,55672.329999999994,45596,70842.37666666666,0.6352833319632674,0.6436260631760284,10/1/1990 - 9/30/2020,110150,110149,0.4139446209714026,,https://api.wwdh.internetofwater.app/collections/rise-edr/locations/437?parameter-name=Storage&datetime=1997-04-10/1997-04-11&f=csv,
Pinewood Lake (Rattlesnake Dam),40.368,-105.2864,CO,Upper Colorado Basin,101900,af,,,04/10/1997,1873.19,1828.525,1808.1575,1481.395,1331.675,1146.075,783,1496.6031818181818,,,10/1/1990 - 9/30/2020,2104,1561,,,,
Pishkun Reservoir (Pishkun Dikes),47.6767,-112.4967,MT,Missouri Basin,100301,af,35337.5,04/10/1997,04/10/1997,45379,36882.53999999999,35489.475,35094.55,26179.75,19464.8,16008,31669.48214285714,1.0069227273180592,1.1158218451630146,10/1/1990 - 9/30/2020,46694,30686,0.7567888807983895,,https://api.wwdh.internetofwater.app/collections/rise-edr/locations/443?parameter-name=Storage&datetime=1997-04-10/1997-04-11&f=csv,
Pactola Reservoir (Pactola Dam),44.0722,-103.4881,SD,Missouri Basin,101201,af,54576,04/10/1997,04/10/1997,55949,55553.3,55048.25,54388.9,49969.25,37583.600000000006,25042.3,49952.793333333335,1.0034400401552523,1.092551514303037,10/1/1990 - 9/30/2020,99029,98012,0.5511112906320371,,https://api.wwdh.internetofwater.app/collections/rise-edr/locations/444?parameter-name=Storage&datetime=1997-04-10/1997-04-11&f=csv,
Pueblo Reservoir (Pueblo Dam),38.2597,-104.7181,CO,Upper Colorado Basin,110200,af,250100,04/10/1997,04/10/1997,266357,261500.4,250166,229765,177762.5,142765.19999999998,111494,212839.73333333337,1.0885034709376973,1.1750625509773238,10/1/1990 - 9/30/2020,338374,312773,0.7391229822622305,,https://api.wwdh.internetofwater.app/collections/rise-edr/locations/445?parameter-name=Storage&datetime=1997-04-10/1997-04-11&f=csv,
Red Fleet Reservoir (Red Fleet Dam),40.57832,-109.42853,UT,Upper Colorado Basin,140600,af,18383,04/10/1997,04/10/1997,23607,21844.56,21126,19738.65,17631.65,13405.8,12121,18837.323333333337,0.9313200244190964,0.9758817468228412,10/1/1990 - 9/30/2020,26000,22000,0.7070384615384615,,https://api.wwdh.internetofwater.app/collections/rise-edr/locations/447?parameter-name=Storage&datetime=1997-04-10/1997-04-11&f=csv,
Ridgway Reservoir (Ridgway Dam),38.22281,-107.74781,CO,Upper Colorado Basin,140200,af,66027,04/10/1997,04/10/1997,79071,74497.2,72675,67487.5,63615.25,59380.4,51331,67653.36666666667,0.978358955362104,0.9759602995859776,10/1/1990 - 9/30/2020,84410,59396,0.7822177467124748,,https://api.wwdh.internetofwater.app/collections/rise-edr/locations/448?parameter-name=Storage&datetime=1997-04-10/1997-04-11&f=csv,
Rockport Lake (Wanship Dam),40.77498,-111.39859,UT,Upper Colorado Basin,160201,af,26706,04/10/1997,04/10/1997,55100,51241.4,47950.425,40731.5,35160.25,28060.6,24901,40660.676666666666,0.6556596246148558,0.6568016616873813,10/1/1990 - 9/30/2020,62120,55179,0.4299098518995493,,https://api.wwdh.internetofwater.app/collections/rise-edr/locations/453?parameter-name=Storage&datetime=1997-04-10/1997-04-11&f=csv,
Ruedi Reservoir (Ruedi Dam),39.3639,-106.818,CO,Upper Colorado Basin,140100,af,62560.3,04/10/1997,04/10/1997,74924.4,67897.48000000001,66769.85,64118.15,62386,56064.21000000001,36439,62937.14333333333,0.9757034474637836,0.994012385796771,10/1/1990 - 9/30/2020,102373,101278,0.6111015599816358,,https://api.wwdh.internetofwater.app/collections/rise-edr/locations/456?parameter-name=Storage&datetime=1997-04-10/1997-04-11&f=csv,
Santa Rosa Lake (Santa Rosa Dam),35.028332,-104.6883,NM,Upper Colorado Basin,130600,af,,,04/10/1997,100105.000002,93446.7999992,69996.49999825,54129.4999995,24262.49999925,17388.100002600004,2790.000003,49275.888889277776,,,10/1/1990 - 9/30/2020,801174,,,,,
Scofield Reservoir (Scofield Dam),39.77656,-111.05074,UT,Upper Colorado Basin,140600,af,18512,04/10/1997,04/10/1997,54067,48643.399999999994,34248,25672.6,17867,12572.76,7714.45,27910.34655172414,0.7210800620116389,0.6632665762746123,10/1/1990 - 9/30/2020,73600,65800,0.2515217391304348,,https://api.wwdh.internetofwater.app/collections/rise-edr/locations/466?parameter-name=Storage&datetime=1997-04-10/1997-04-11&f=csv,
Seminoe Reservoir (Seminoe Dam),42.1558,-106.9081,WY,Upper Colorado Basin,101800,af,624499,04/10/1997,04/10/1997,833041,741967.1000000001,710479.75,594552,347993.75,289553.2,191979,533954.9333333333,1.0503690173441516,1.1695724882649272,10/1/1990 - 9/30/2020,1017273,985603,0.613895188410584,,https://api.wwdh.internetofwater.app/collections/rise-edr/locations/467?parameter-name=Storage&datetime=1997-04-10/1997-04-11&f=csv,
Shasta Lake (Shasta Dam),40.718,-122.42,CA,California-Great Basin,180201,af,3848070,04/10/1997,04/10/1997,4273150,4178094,4045350,3922230,3651632.5,2686879,2125680,3702098,0.981092388768634,1.039429534280292,10/1/1990 - 9/30/2020,4552090,3964960,0.8453413706671001,,https://api.wwdh.internetofwater.app/collections/rise-edr/locations/471?parameter-name=Storage&datetime=1997-04-10/1997-04-11&f=csv,
Shadow Mountain Lake (Shadow Mountain Dam),40.2072,-105.8417,CO,Upper Colorado Basin,140100,af,17835.8,04/10/1997,04/10/1997,17965.1,17929.2,17853.8,17808.9,17762.2,17726.3,17559.4,17811.356666666667,1.0015104807146986,1.0013723453968602,10/1/1990 - 9/30/2020,18369,1839,0.9709728346671022,,https://api.wwdh.internetofwater.app/collections/rise-edr/locations/473?parameter-name=Storage&datetime=1997-04-10/1997-04-11&f=csv,
Lake Sherburne (Lake Sherburne Dam),48.8283,-113.5211,MT,Missouri Basin,090400,af,32230,04/10/1997,04/10/1997,58567,44084.3,39454.5,29629.9,21737.75,16526.079999999998,10181.8,30706.576666666668,1.0877525742577598,1.0496122817554936,10/1/1990 - 9/30/2020,66147,64248,0.4872480989311685,,https://api.wwdh.internetofwater.app/collections/rise-edr/locations/475?parameter-name=Storage&datetime=1997-04-10/1997-04-11&f=csv,
Shadehill Reservoir (Shadehill Dam),45.7533,-102.2033,SD,Missouri Basin,101303,af,127877,04/10/1997,04/10/1997,143408,136295.6,126792.5,111202,91398.75,81747.3,62796,108829.1,1.1499523389867088,1.1750257973281042,10/1/1990 - 9/30/2020,350176,306307,0.36517922416156445,,https://api.wwdh.internetofwater.app/collections/rise-edr/locations/476?parameter-name=Storage&datetime=1997-04-10/1997-04-11&f=csv,
Silver Jack Reservoir (Silver Jack Dam),38.2328,-107.5411,CO,Upper Colorado Basin,140200,af,7162,04/10/1997,04/10/1997,11930,9233.2,7803,6096,3637,3203.4,1980,5926.689655172414,1.1748687664041997,1.208431758148411,10/1/1990 - 9/30/2020,13520,12820,0.5297337278106509,,https://api.wwdh.internetofwater.app/collections/rise-edr/locations/477?parameter-name=Storage&datetime=1997-04-10/1997-04-11&f=csv,
Starvation Reservoir (Starvation Dam),40.19324,-110.44722,UT,Upper Colorado Basin,140600,af,130625,04/10/1997,04/10/1997,166335,164695.5,163164.5,156274,139673.25,133858.69999999998,117103,151164.63333333333,0.8358716101206854,0.8641240819336269,10/1/1990 - 9/30/2020,164118,149460,0.7959212274095467,,https://api.wwdh.internetofwater.app/collections/rise-edr/locations/484?parameter-name=Storage&datetime=1997-04-10/1997-04-11&f=csv,
Stateline Reservoir (Stateline Dam),40.98291,-110.39038,UT,Upper Colorado Basin,140401,af,4149,04/10/1997,04/10/1997,10735,7889.5,7006.75,5765,4337.25,3758,2992,5904.423076923077,0.7196877710320903,0.7026935478617724,10/1/1990 - 9/30/2020,14000,12000,0.2963571428571429,,https://api.wwdh.internetofwater.app/collections/rise-edr/locations/485?parameter-name=Storage&datetime=1997-04-10/1997-04-11&f=csv,
Steinaker Reservoir (Steinaker Dam),40.51456,-109.53275,UT,Upper Colorado Basin,140600,af,23898,04/10/1997,04/10/1997,34481,33167.76,27583.775,23601.5,16405.275,11447.14,-3694,21709.036666666667,1.012562760841472,1.1008318962717676,10/1/1990 - 9/30/2020,40043,34955,0.596808430936743,,https://api.wwdh.internetofwater.app/collections/rise-edr/locations/486?parameter-name=Storage&datetime=1997-04-10/1997-04-11&f=csv,
Strawberry Reservoir (Soldier Creek Dam),40.16882,-111.1311,UT,Upper Colorado Basin,140600,af,858455,04/10/1997,04/10/1997,996830,979710.8,947951.5,860064.5,786099,488982.8,375590,817252.1,0.9981286287249388,1.0504163892634844,10/1/1990 - 9/30/2020,1106500,951360,0.7758291911432444,,https://api.wwdh.internetofwater.app/collections/rise-edr/locations/488?parameter-name=Storage&datetime=1997-04-10/1997-04-11&f=csv,
Sumner Lake (Sumner Dam),34.62884,-104.3924,NM,Upper Colorado Basin,130600,,,,04/10/1997,,,,,,,,,,,10/1/1990 - 9/30/2020,124119,126813,,,,
Taylor Park Reservoir (Taylor Park Dam),38.83269,-106.58564,CO,Upper Colorado Basin,140200,af,50067,04/10/1997,04/10/1997,80332,73595.1,71339.5,68828,62787,57037.7,39174,66481.03333333334,0.7274219794269774,0.7531020125539564,10/1/1990 - 9/30/2020,106225,106210,0.471329724641092,,https://api.wwdh.internetofwater.app/collections/rise-edr/locations/491?parameter-name=Storage&datetime=1997-04-10/1997-04-11&f=csv,
Turquoise Lake (Sugar Loaf Dam),39.2528,-106.3742,CO,Upper Colorado Basin,110200,af,69405.5,04/10/1997,04/10/1997,121375,83328.68000000002,68844.025,62410.75,56188.425,47221.060000000005,33457.8,65046.02,1.1120760445916769,1.0670214718748356,10/1/1990 - 9/30/2020,129398,120478,0.5363722777786365,,https://api.wwdh.internetofwater.app/collections/rise-edr/locations/498?parameter-name=Storage&datetime=1997-04-10/1997-04-11&f=csv,
Twin Lakes (Twin Lakes Dam),39.0803,-106.3139,CO,Upper Colorado Basin,110200,af,100284,04/10/1997,04/10/1997,131285,111493,107749.75,101039.5,92353.925,86393.61,81845.8,101200.36,0.9925227262605218,0.9909450914996744,10/1/1990 - 9/30/2020,141000,68000,0.7112340425531914,,https://api.wwdh.internetofwater.app/collections/rise-edr/locations/499?parameter-name=Storage&datetime=1997-04-10/1997-04-11&f=csv,
Upper Stillwater Reservoir (Upper Stillwater Dam),40.56565,-110.70044,UT,Upper Colorado Basin,140600,af,1542,04/10/1997,04/10/1997,8835,8450.4,3263.75,1713,1575.25,1550.8,939,3202.3706666666667,0.9001751313485113,0.48151827521111445,10/1/1990 - 9/30/2020,32009,29884,0.0481739510762598,,https://api.wwdh.internetofwater.app/collections/rise-edr/locations/500?parameter-name=Storage&datetime=1997-04-10/1997-04-11&f=csv,
Vallecito Reservoir (Vallecito Dam),37.38956,-107.55602,CO,Upper Colorado Basin,140801,af,47791,04/10/1997,04/10/1997,101284,91393.4,83484.975,75356,48949.75,35801.7,30255.7,69161.28333333333,0.6342029831732046,0.6910079989358209,10/1/1990 - 9/30/2020,129700,125400,0.368473400154202,,https://api.wwdh.internetofwater.app/collections/rise-edr/locations/501?parameter-name=Storage&datetime=1997-04-10/1997-04-11&f=csv,
Waconda Lake (Glen Elder Dam),39.4961,-98.3133,KS,Missouri Basin,102600,af,220609,04/10/1997,04/10/1997,332089,229285.9,220545.25,208966,185465.25,167076.9,131187,205374.3,1.055717198013074,1.0741801676256475,10/1/1990 - 9/30/2020,942408,916171,0.234090754747413,,https://api.wwdh.internetofwater.app/collections/rise-edr/locations/504?parameter-name=Storage&datetime=1997-04-10/1997-04-11&f=csv,
Webster Reservoir (Webster Dam),39.3914,-99.4258,KS,Missouri Basin,102600,af,84746.4,04/10/1997,04/10/1997,87627,84856.76,79892.5,63349.9,18906.5,11964.4,5622,52106.59333333333,1.337751125100434,1.6264045407433405,10/1/1990 - 9/30/2020,259510,255279,0.3265631382220338,,https://api.wwdh.internetofwater.app/collections/rise-edr/locations/506?parameter-name=Storage&datetime=1997-04-10/1997-04-11&f=csv,
Willow Creek Reservoir (MT) (Willow Creek Dam),47.5467,-112.4292,MT,Missouri Basin,100301,af,10664.7,04/10/1997,04/10/1997,31720.1,30780.2,29231.5,27710,22626.975,14992.23,5204.41,25185.950333333338,0.3848682785997835,0.4234384590954023,10/1/1990 - 9/30/2020,31848,31847,0.33486247174076866,,https://api.wwdh.internetofwater.app/collections/rise-edr/locations/508?parameter-name=Storage&datetime=1997-04-10/1997-04-11&f=csv,
Whiskeytown Lake (Whiskeytown Dam),40.598,-122.537,CA,California-Great Basin,180201,af,217230,04/10/1997,04/10/1997,233266,227518.1,221617.5,218567,212071.5,207660.3,203362,217914.7,0.9938828825943532,0.9968579448747604,10/1/1990 - 9/30/2020,241096,213554,0.90101038590437,,https://api.wwdh.internetofwater.app/collections/rise-edr/locations/509?parameter-name=Storage&datetime=1997-04-10/1997-04-11&f=csv,
Willard Bay Reservoir (Arthur V. Watkins Dam),41.37738,-112.08339,UT,Upper Colorado Basin,160201,af,,,04/10/1997,198418,194377.3,182914.5,152316,116121.25,89190.09999999999,66213,146498.4090909091,,,10/1/1990 - 9/30/2020,247302,202160,,,,
Willow Creek Reservoir (CO) (Willow Creek Dam),40.1478,-105.942,CO,Upper Colorado Basin,140100,af,7353,04/10/1997,04/10/1997,9274.03,8754.203,8316.349999999999,7865.725,7482.8725,7310.736,5561.69,7902.908,0.9348152903896336,0.9304170059932368,10/1/1990 - 9/30/2020,10553,3329,0.6967686913673837,,https://api.wwdh.internetofwater.app/collections/rise-edr/locations/515?parameter-name=Storage&datetime=1997-04-10/1997-04-11&f=csv,
Blue Mesa Reservoir (Blue Mesa Dam),38.46421,-107.22457,CO,Upper Colorado Basin,140200,af,318549,04/10/1997,04/10/1997,642799,567645.9,543039,521264.5,437248,337641.60000000003,258294,485290.73333333334,0.6111081802040998,0.6564085776210302,10/1/1990 - 9/30/2020,938469,748430,0.3394347602318244,,https://api.wwdh.internetofwater.app/collections/rise-edr/locations/1533?parameter-name=Storage&datetime=1997-04-10/1997-04-11&f=csv,
Crystal Reservoir (Crystal Dam),38.50322,-107.61758,CO,Upper Colorado Basin,140200,af,16612,04/10/1997,04/10/1997,17290,17073.8,16827.25,16683,16422.5,15761.9,13121,16375.533333333333,0.9957441707127016,1.014440242149874,10/1/1990 - 9/30/2020,25273,12928,0.6573022593281368,,https://api.wwdh.internetofwater.app/collections/rise-edr/locations/1534?parameter-name=Storage&datetime=1997-04-10/1997-04-11&f=csv,
Flaming Gorge Reservoir (Flaming Gorge Dam),40.97789,-109.57304,UT,Upper Colorado Basin,140401,af,3146930,04/10/1997,04/10/1997,3342050,3222844,3189015,3152640,3002452.5,2865789,2634410,3081946.6666666665,0.9981888195290296,1.0210851582982186,10/1/1990 - 9/30/2020,3791700,3515500,0.8299522641559195,,https://api.wwdh.internetofwater.app/collections/rise-edr/locations/1535?parameter-name=Storage&datetime=1997-04-10/1997-04-11&f=csv,
Fontenelle Reservoir (Fontenelle Dam),42.05781,-110.09665,WY,Upper Colorado Basin,140401,af,119560,04/10/1997,04/10/1997,195920,165463.1,140186.75,121426.5,111001.5,104128,98212,129109.66666666669,0.9846285613107518,0.9260344564956406,10/1/1990 - 9/30/2020,334459,264244,0.35747281430608835,,https://api.wwdh.internetofwater.app/collections/rise-edr/locations/1536?parameter-name=Storage&datetime=1997-04-10/1997-04-11&f=csv,
Trinity Lake (Trinity Dam),40.801,-122.762,CA,California-Great Basin,180102,af,2117080,04/10/1997,04/10/1997,2267010,2186251,2148605,2042425,1429277.5,1215490,877506,1841250.5333333332,1.036552137777397,1.1498055053742824,10/1/1990 - 9/30/2020,2447650,2135010,0.8649439258063857,,https://api.wwdh.internetofwater.app/collections/rise-edr/locations/3203?parameter-name=Storage&datetime=1997-04-10/1997-04-11&f=csv,
New Melones Lake (New Melones Dam),37.9481,-120.525,CA,California-Great Basin,180400,af,2019660,04/10/1997,04/10/1997,2176800,2023570,1983337.5,1625815,1115865,556579.8,406183,1499952.5333333334,1.242244658832647,1.3464826086941062,10/1/1990 - 9/30/2020,2400000,,0.841525,,https://api.wwdh.internetofwater.app/collections/rise-edr/locations/3204?parameter-name=Storage&datetime=1997-04-10/1997-04-11&f=csv,
Abiquiu Reservoir (Abiquiu Dam),36.2379151930001,-106.4266263279999,NM,Upper Colorado Basin,130201,af,,,04/10/1997,186313.000001,180329.1352732,177392.000003,147827.000001,119946.000003,103513.6000022,60884.000002,143618.07871676472,,,10/1/1990 - 9/30/2020,1662770,,,,,
Utah Lake,40.20998,-111.79994,UT,Upper Colorado Basin,160202,,,,04/10/1997,,,,,,,,,,,10/1/1990 - 9/30/2020,,,,,,
Washington Lake (Washington Lake Dam),40.6765,-110.964,UT,Upper Colorado Basin,160202,af,,,04/10/1997,1972.4,1852.4,1766,1457.8,721.5,597.24,466,1321.0017647058824,,,10/1/1990 - 9/30/2020,3055,2705,,,,
Trial Lake (Trial Lake Dam),40.6799,-110.956839,UT,Upper Colorado Basin,160202,af,,,04/10/1997,1290.9,1166.68,955.6,842.5,717.5,465.36,346.14,819.6670588235294,,,10/1/1990 - 9/30/2020,1928,1661,,,,
Lost Lake (Lost Lake Dam),40.6741,-110.9413,UT,Upper Colorado Basin,160202,af,,,04/10/1997,743.4,671.7800000000001,606.82,575.78,513.84,440.346,345.8,562.799,,,10/1/1990 - 9/30/2020,1155,1155,,,,
Nambe Falls Reservoir (Nambe Falls Dam),35.97499,-105.91753,NM,Upper Colorado Basin,130201,af,2013,04/10/1997,04/10/1997,2013,1980,1930.2675,1853.43,1730,1573.31,1170.9,1793.2463333333333,1.086094430326476,1.122545164365781,10/1/1990 - 9/30/2020,1729,1548,1.1642567958357433,,https://api.wwdh.internetofwater.app/collections/rise-edr/locations/3511?parameter-name=Storage&datetime=1997-04-10/1997-04-11&f=csv,
Platoro Reservoir (Platoro Dam),37.3406,-106.564,CO,Upper Colorado Basin,130100,af,,,04/10/1997,24236.1,22086.379999999997,18861.8,18396.5,15325.7,14660.24,14216.6,18207.34,,,10/1/1990 - 9/30/2020,59571,59571,,,,
Lake Mohave (Davis Dam),35.1979,-114.5694,AZ,Lower Colorado Basin,150301,af,1718500,04/10/1997,04/10/1997,1748060,1718910,1704577.5,1679795,1672310,1651521,1617000,1683957,1.0230415020880523,1.0205129940966426,10/1/1990 - 9/30/2020,1887167,1592300,0.9106242319837088,,https://api.wwdh.internetofwater.app/collections/rise-edr/locations/3513?parameter-name=Storage&datetime=1997-04-10/1997-04-11&f=csv,
Lake Mead (Hoover Dam),36.0163,-114.7374,NV,Lower Colorado Basin,150100,af,22875700,04/10/1997,04/10/1997,24975400,23030850,20920500,15189150,11546350,10605880,9934910,16363227,1.506055309217435,1.3979944176047916,10/1/1990 - 9/30/2020,30167000,25614000,0.7583021182086386,,https://api.wwdh.internetofwater.app/collections/rise-edr/locations/3514?parameter-name=Storage&datetime=1997-04-10/1997-04-11&f=csv,
Lake Havasu (Parker Dam),34.2964,-114.1385,AZ,Lower Colorado Basin,150301,af,579433,04/10/1997,04/10/1997,598488,589575.9,574246.75,568083.5,561950.5,551090.4,513506,567445.2,1.01997857709298,1.0211259166523925,10/1/1990 - 9/30/2020,590262,180000,0.981653909619796,,https://api.wwdh.internetofwater.app/collections/rise-edr/locations/3515?parameter-name=Storage&datetime=1997-04-10/1997-04-11&f=csv,
Lake Altus (Altus Dam),34.8865,-99.2958,OK,Arkansas-Rio Grande-Texas Gulf,111203,,,,04/10/1997,,,,,,,,,,,10/1/1990 - 9/30/2020,147925,147387,,,,
Anderson Ranch Reservoir (Anderson Ranch Dam),43.3595096,-115.4501724,ID,Columbia-Pacific Northwest,170501,,,,04/10/1997,,,,,,,,,,,10/1/1990 - 9/30/2020,474942,413074,,,,
Arrowrock Reservoir (Arrowrock Dam),43.5952,-115.923,ID,Columbia-Pacific Northwest,170501,,,,04/10/1997,,,,,,,,,,,10/1/1990 - 9/30/2020,272224,271710,,,,
Beulah Reservoir (Agency Valley Dam),43.9117446,-118.154354,OR,Columbia-Pacific Northwest,170501,,,,04/10/1997,,,,,,,,,,,10/1/1990 - 9/30/2020,59212,59212,,,,
Lake Cascade (Cascade Dam),44.524997,-116.050279,ID,Columbia-Pacific Northwest,170501,,,,04/10/1997,,,,,,,,,,,10/1/1990 - 9/30/2020,693000,646500,,,,
Bully Creek Reservoir (Bully Creek Dam),44.0147313,-117.396898,OR,Columbia-Pacific Northwest,170501,,,,04/10/1997,,,,,,,,,,,10/1/1990 - 9/30/2020,31600,30000,,,,
Bumping Lake (Bumping Lake Dam),46.8712,-121.29936,WA,Columbia-Pacific Northwest,170300,,,,04/10/1997,,,,,,,,,,,10/1/1990 - 9/30/2020,35400,35400,,,,
Deadwood Reservoir (Deadwood Dam),44.2932322,-115.6459458,ID,Columbia-Pacific Northwest,170501,,,,04/10/1997,,,,,,,,,,,10/1/1990 - 9/30/2020,162000,153992,,,,
Harry Strunk Lake (Medicine Creek Dam),40.3789,-100.2178,NE,Missouri Basin,102500,,,,04/10/1997,,,,,,,,,,,10/1/1990 - 9/30/2020,87361,79464,,,,
Henry Hagg Lake (Scoggins Dam),45.4724,-123.19965,OR,Columbia-Pacific Northwest,170900,,,,04/10/1997,,,,,,,,,,,10/1/1990 - 9/30/2020,62216,53323,,,,
Hugh Butler Lake (Red Willow Dam),40.3575,-100.6672,NE,Missouri Basin,102500,,,,04/10/1997,,,,,,,,,,,10/1/1990 - 9/30/2020,85070,76149,,,,
Lake Como (Como Dam),46.0617,-114.2333,MT,Columbia-Pacific Northwest,170102,,,,04/10/1997,,,,,,,,,,,10/1/1990 - 9/30/2020,45326,38495,,,,
Enders Reservoir (Enders Dam),40.4217,-101.5181,NE,Missouri Basin,102500,,,,04/10/1997,,,,,,,,,,,10/1/1990 - 9/30/2020,72958,64010,,,,
Fort Cobb Reservoir (Fort Cobb Dam),35.1611,-98.4549,OK,Arkansas-Rio Grande-Texas Gulf,111303,,,,04/10/1997,,,,,,,,,,,10/1/1990 - 9/30/2020,133451,132436,,,,
Foss Reservoir (Foss Dam),35.5472,-99.1837,OK,Arkansas-Rio Grande-Texas Gulf,111303,,,,04/10/1997,,,,,,,,,,,10/1/1990 - 9/30/2020,349303,340435,,,,
Franklin D. Roosevelt Lake (Grand Coulee Dam),47.9566,-118.9805,WA,Columbia-Pacific Northwest,170200,af,4987371.999998,04/10/1997,04/10/1997,8575159.964277,7988162.99805,7544082.99999925,6499149.999998501,5884699.951168,5527833.9892535,4510729.000001,6656591.695097767,0.7673883507842028,0.7492380828571685,10/1/1990 - 9/30/2020,9715346,5349560,0.5133499105433816,,https://water.usace.army.mil/cda/reporting/providers/nwdp/timeseries?name=GCL.Stor.Inst.1Hour.0.CBT-REV,
Mann Creek Reservoir (Mann Creek Dam),44.392349,-116.895389,ID,Columbia-Pacific Northwest,170501,,,,04/10/1997,,,,,,,,,,,10/1/1990 - 9/30/2020,12536,10917,,,,
McKay Reservoir (McKay Dam),45.605406,-118.7957668,OR,Columbia-Pacific Northwest,170701,,,,04/10/1997,,,,,,,,,,,10/1/1990 - 9/30/2020,71534,71534,,,,
Ochoco Reservoir (Ochoco Dam),44.29903,-120.72506,OR,Columbia-Pacific Northwest,170703,,,,04/10/1997,,,,,,,,,,,10/1/1990 - 9/30/2020,44248,44214,,,,
Prineville Reservoir (Arthur R. Bowman Dam),44.11125,-120.78738,OR,Columbia-Pacific Northwest,170703,,,,04/10/1997,,,,,,,,,,,10/1/1990 - 9/30/2020,150216,148633,,,,
Swanson Lake (Trenton Dam),40.1614,-101.0631,NE,Missouri Basin,102500,,,,04/10/1997,,,,,,,,,,,10/1/1990 - 9/30/2020,244362,234033,,,,
Thief Valley Reservoir (Thief Valley Dam),45.012996,-117.7810764,OR,Columbia-Pacific Northwest,170502,,,,04/10/1997,,,,,,,,,,,10/1/1990 - 9/30/2020,13307,13307,,,,
Tom Steed Reservoir (Mountain Park Dam),34.7386,-98.9875,OK,Arkansas-Rio Grande-Texas Gulf,111203,af,92799.5,04/10/1997,04/10/1997,107876,97456.1,92442.925,75751.45,63538.62500000001,54822.210000000014,19855,74450.91333333333,1.225052457741733,1.246452136651648,10/1/1990 - 9/30/2020,119051,114953,0.7794936623799884,,https://api.wwdh.internetofwater.app/collections/rise-edr/locations/3670?parameter-name=Storage&datetime=1997-04-10/1997-04-11&f=csv,
Unity Reservoir (Unity Dam),44.5042,-118.1806,OR,Columbia-Pacific Northwest,170502,,,,04/10/1997,,,,,,,,,,,10/1/1990 - 9/30/2020,25500,24970,,,,
Warm Springs Reservoir (Warm Springs Dam),43.58505,-118.2092857,OR,Columbia-Pacific Northwest,170501,,,,04/10/1997,,,,,,,,,,,10/1/1990 - 9/30/2020,169714,169639,,,,
Lake Thunderbird (Norman Dam),35.2211,-97.2192,OK,Arkansas-Rio Grande-Texas Gulf,110902,,,,04/10/1997,,,,,,,,,,,10/1/1990 - 9/30/2020,172718,161612,,,,
Crawford Reservoir (Crawford Dam),38.68294,-107.60285,CO,Upper Colorado Basin,140200,af,,,04/10/1997,14427,12042.5,11141,9249.5,6303.25,3941,3337,8675,,,10/1/1990 - 9/30/2020,14395,14064,,,,
Clear Lake Reservoir (Clear Lake Dam),41.9257,-121.0757,CA,California-Great Basin,180102,,,,04/10/1997,,,,,,,,,,,10/1/1990 - 9/30/2020,507252,463313,,,,
Lahontan Reservoir (Lahontan Dam),39.4622,-119.0667,NV,California-Great Basin,160502,af,283100,04/10/1997,04/10/1997,287100,278420,231600,205550,124100,93496,60190,189380.35714285713,1.3772804670396497,1.4948752039074804,10/1/1990 - 9/30/2020,319800,319800,0.8852407754846779,,https://api.waterdata.usgs.gov/ogcapi/v0/collections/daily/items?sites=10312100&startDate=1997-04-10&endDate=1997-04-10&parameterCode=00054,
#NAME?,48.0022280750001,-106.417987085,MT,Missouri Basin,100401,af,15866000.000001,04/10/1997,04/10/1997,16776999.999996,15814700.000001,15303750.0000015,13729000.0000005,10842750.000001,9251899.9999988,8654999.999997,13141166.666666267,1.155655910845686,1.2073509455021612,10/1/1990 - 9/30/2020,18463000,,0.8593403022261279,,https://water.usace.army.mil/cda/reporting/providers/nwdm/timeseries?name=FTPK.Stor.Inst.~1Day.0.Best-MRBWM,
Agate Reservoir (Agate Dam),42.415,-122.77222,OR,Columbia-Pacific Northwest,171003,,,,04/10/1997,,,,,,,,,,,10/1/1990 - 9/30/2020,4780,4670,,,,
American Falls Reservoir (American Falls Dam),42.77916,-112.87917,ID,Columbia-Pacific Northwest,170402,,,,04/10/1997,,,,,,,,,,,10/1/1990 - 9/30/2020,1672590,1672590,,,,
Billy Clapp Lake (Pinto Dam),47.44805556,-119.2544444,WA,Columbia-Pacific Northwest,170200,,,,04/10/1997,,,,,,,,,,,10/1/1990 - 9/30/2020,64200,21200,,,,
Conconully Lake (Salmon Lake Dam),48.5585374,-119.745,WA,Columbia-Pacific Northwest,170200,,,,04/10/1997,,,,,,,,,,,10/1/1990 - 9/30/2020,15700,10500,,,,
Cle Elum Lake (Cle Elum Dam),47.24555556,-121.0733333,WA,Columbia-Pacific Northwest,170300,,,,04/10/1997,,,,,,,,,,,10/1/1990 - 9/30/2020,705500,432500,,,,
Cold Springs Reservoir (Cold Springs Dam),45.86,-119.17083,OR,Columbia-Pacific Northwest,170701,,,,04/10/1997,,,,,,,,,,,10/1/1990 - 9/30/2020,39260,38646,,,,
Crane Prairie Reservoir (Crane Prairie Dam),43.75513542,-121.7850123,OR,Columbia-Pacific Northwest,170703,,,,04/10/1997,,,,,,,,,,,10/1/1990 - 9/30/2020,59724,55300,,,,
Crescent Lake (Crescent Lake Dam),43.501664,-121.973481,OR,California-Great Basin,170703,,,,04/10/1997,,,,,,,,,,,10/1/1990 - 9/30/2020,,,,,,
Emigrant Reservoir (Emigrant Dam),42.16129526000001,-122.6053697,OR,Columbia-Pacific Northwest,171003,,,,04/10/1997,,,,,,,,,,,10/1/1990 - 9/30/2020,40500,39000,,,,
Black Canyon Reservoir (Black Canyon Diversion Dam),43.93049931,-116.4371049,ID,Columbia-Pacific Northwest,170501,,,,04/10/1997,,,,,,,,,,,10/1/1990 - 9/30/2020,29822,,,,,
Fish Lake (Fish Lake Dam),42.37813811,-122.3479876,OR,Columbia-Pacific Northwest,171003,,,,04/10/1997,,,,,,,,,,,10/1/1990 - 9/30/2020,7836,7836,,,,
Fourmile Lake (Fourmile Lake Dam),42.45592034000001,-122.2434008,OR,California-Great Basin,180102,,,,04/10/1997,,,,,,,,,,,10/1/1990 - 9/30/2020,15600,15600,,,,
Grassy Lake (Grassy Lake Dam),44.12965909,-110.8193888,WY,Upper Colorado Basin,170402,,,,04/10/1997,,,,,,,,,,,10/1/1990 - 9/30/2020,15452,15182,,,,
Haystack Reservoir (Haystack Dam),44.49943634,-121.1544407,OR,Columbia-Pacific Northwest,170703,,,,04/10/1997,,,,,,,,,,,10/1/1990 - 9/30/2020,5650,5635,,,,
Hungry Horse Reservoir (Hungry Horse Dam),48.34222222,-114.0188889,MT,Columbia-Pacific Northwest,170102,,,,04/10/1997,,,,,,,,,,,10/1/1990 - 9/30/2020,3467179,2982026,,,,
Howard Prairie Reservoir (Howard Prairie Dam),42.21663259000001,-122.3775311,OR,Columbia-Pacific Northwest,180102,,,,04/10/1997,,,,,,,,,,,10/1/1990 - 9/30/2020,62100,60600,,,,
Hyatt Reservoir (Hyatt Dam),42.17222,-122.46667,OR,Columbia-Pacific Northwest,180102,,,,04/10/1997,,,,,,,,,,,10/1/1990 - 9/30/2020,16200,16200,,,,
Island Park Reservoir (Island Park Dam),44.41893154,-111.3984276,ID,Columbia-Pacific Northwest,170402,,,,04/10/1997,,,,,,,,,,,10/1/1990 - 9/30/2020,135585,135205,,,,
Jackson Lake (Jackson Lake Dam),43.8575325,-110.5897446,WY,Upper Colorado Basin,170401,,,,04/10/1997,,,,,,,,,,,10/1/1990 - 9/30/2020,847000,847000,,,,
Kachess Lake (Kachess Dam),47.26472222,-121.2044444,WA,Columbia-Pacific Northwest,170300,,,,04/10/1997,,,,,,,,,,,10/1/1990 - 9/30/2020,239000,239000,,,,
Keechelus Lake (Keechelus Dam),47.32222222,-121.3388889,WA,Columbia-Pacific Northwest,170300,,,,04/10/1997,,,,,,,,,,,10/1/1990 - 9/30/2020,158000,158000,,,,
Lake Lowell (Deer Flat Dam),43.58333,-116.73333,ID,Columbia-Pacific Northwest,170501,,,,04/10/1997,,,,,,,,,,,10/1/1990 - 9/30/2020,173043,159365,,,,
Lucky Peak Reservoir (Lucky Peak Dam),43.527969,-116.0537,ID,Columbia-Pacific Northwest,170501,af,121609.499997,04/10/1997,04/10/1997,274469.999999,236705.1600015,221049.00000125,201770.8999995,159015.12499749998,131435.809999,121609.499997,193441.7916662,0.6027107972324124,0.628661981206457,10/1/1990 - 9/30/2020,307043,,0.3960666746905157,,https://water.usace.army.mil/cda/reporting/providers/nww/timeseries?name=LUC.Stor-Total.Inst.0.0.USBR-COMPUTED-REV,
Lake Walcott (Minidoka Dam),42.669915,-113.482993,ID,Columbia-Pacific Northwest,170402,,,,04/10/1997,,,,,,,,,,,10/1/1990 - 9/30/2020,210200,95200,,,,
Lake Owyhee (Owyhee Dam),43.64156,-117.24305,OR,Columbia-Pacific Northwest,170501,,,,04/10/1997,,,,,,,,,,,10/1/1990 - 9/30/2020,1120000,715000,,,,
Palisades Reservoir (Palisades Dam),43.330518,-111.206346,ID,Columbia-Pacific Northwest,170401,,,,04/10/1997,,,,,,,,,,,10/1/1990 - 9/30/2020,1402000,1200000,,,,
Mason Reservoir (Mason Dam),44.67167,-118,OR,Columbia-Pacific Northwest,170502,,,,04/10/1997,,,,,,,,,,,10/1/1990 - 9/30/2020,95500,90500,,,,
Rimrock Lake (Tieton Dam),46.6566042,-121.1289276,WA,Columbia-Pacific Northwest,170300,,,,04/10/1997,,,,,,,,,,,10/1/1990 - 9/30/2020,198000,198000,,,,
Ririe Reservoir (Ririe Dam),43.5821394,-111.7428411,ID,Columbia-Pacific Northwest,170402,,,,04/10/1997,,,,,,,,,,,10/1/1990 - 9/30/2020,100500,90500,,,,
Mann Lake (Reservoir A Dam),46.37111,-116.8575,ID,Columbia-Pacific Northwest,170603,,,,04/10/1997,,,,,,,,,,,10/1/1990 - 9/30/2020,2440,2440,,,,
Soldiers Meadow Reservoir (Soldiers Meadow Dam),46.16722,-116.73666,ID,Columbia-Pacific Northwest,170603,,,,04/10/1997,,,,,,,,,,,10/1/1990 - 9/30/2020,2370,2370,,,,
Clear Lake (OR) (Wasco Dam),45.17638889,-121.6944444,OR,Columbia-Pacific Northwest,170703,,,,04/10/1997,,,,,,,,,,,10/1/1990 - 9/30/2020,13066,13066,,,,
Wickiup Reservoir (Wickiup Dam),43.683822,-121.689761,OR,Columbia-Pacific Northwest,170703,,,,04/10/1997,,,,,,,,,,,10/1/1990 - 9/30/2020,200000,200000,,,,
Little Wood River Reservoir (Little Wood River Dam),43.42528,-114.02723,ID,Columbia-Pacific Northwest,170402,,,,04/10/1997,,,,,,,,,,,10/1/1990 - 9/30/2020,30000,30000,,,,
Banks Lake (Dry Falls Dam),47.61712097,-119.2993212,WA,Columbia-Pacific Northwest,170200,,,,04/10/1997,,,,,,,,,,,10/1/1990 - 9/30/2020,1275000,715000,,,,
Potholes Reservoir (O'Sullivan Dam),46.9831158,-119.2755127,WA,Columbia-Pacific Northwest,170200,,,,04/10/1997,,,,,,,,,,,10/1/1990 - 9/30/2020,511700,332200,,,,
Scooteney Reservoir (Scooteney Dikes),46.66926397,-119.0326407,WA,Columbia-Pacific Northwest,170200,,,,04/10/1997,,,,,,,,,,,10/1/1990 - 9/30/2020,15250,6750,,,,
Boca Reservoir (Boca Dam),39.3901,-120.0955,CA,California-Great Basin,160501,af,32280,04/10/1997,04/10/1997,35260,32718,32280,21400,14910,10530.000000000002,7290,22129.896551724138,1.5084112149532711,1.4586602302704876,10/1/1990 - 9/30/2020,41110,40870,0.7852104110921917,,https://api.waterdata.usgs.gov/ogcapi/v0/collections/daily/items?sites=10344490&startDate=1997-04-10&endDate=1997-04-10&parameterCode=00054,
Cheney Reservoir (Cheney Dam),37.723,-97.802,KS,Missouri Basin,110300,af,202800,04/10/1997,04/10/1997,208800,204400,201600,166600,111800,88174,44960,153578.27586206896,1.2172869147659064,1.3204992624226215,10/1/1990 - 9/30/2020,262736,250466,0.7718774739662627,,https://api.wwdh.internetofwater.app/collections/rise-edr/locations/--?parameter-name=Storage&datetime=1997-04-10/1997-04-11&f=csv,
Conconully Reservoir (Conconully Dam),48.5381,-119.7523,WA,Columbia-Pacific Northwest,170200,af,202800,04/10/1997,04/10/1997,208800,204400,201600,166600,111800,88174,44960,153578.27586206896,1.2172869147659064,1.3204992624226215,10/1/1990 - 9/30/2020,13000,13000,15.6,,https://api.wwdh.internetofwater.app/collections/rise-edr/locations/--?parameter-name=Storage&datetime=1997-04-10/1997-04-11&f=csv,
Gerber Reservoir (Gerber Dam),42.2012,-121.13,OR,California-Great Basin,180102,af,202800,04/10/1997,04/10/1997,208800,204400,201600,166600,111800,88174,44960,153578.27586206896,1.2172869147659064,1.3204992624226215,10/1/1990 - 9/30/2020,94300,92300,2.1505832449628843,,https://api.wwdh.internetofwater.app/collections/rise-edr/locations/--?parameter-name=Storage&datetime=1997-04-10/1997-04-11&f=csv,
Helena Valley Reservoir (Helena Valley Dam),46.6413,-111.8828,MT,Missouri Basin,100301,af,202800,04/10/1997,04/10/1997,208800,204400,201600,166600,111800,88174,44960,153578.27586206896,1.2172869147659064,1.3204992624226215,10/1/1990 - 9/30/2020,10451,5897,19.40484164194814,,https://api.wwdh.internetofwater.app/collections/rise-edr/locations/--?parameter-name=Storage&datetime=1997-04-10/1997-04-11&f=csv,
Kortes Reservoir (Kortes Dam),42.1742,-106.8808,WY,Upper Colorado Basin,101800,af,202800,04/10/1997,04/10/1997,208800,204400,201600,166600,111800,88174,44960,153578.27586206896,1.2172869147659064,1.3204992624226215,10/1/1990 - 9/30/2020,4739,3073,42.793838362523736,,https://api.wwdh.internetofwater.app/collections/rise-edr/locations/--?parameter-name=Storage&datetime=1997-04-10/1997-04-11&f=csv,
Lake Meredith (Sanford Dam),35.7142,-101.5525,TX,Arkansas-Rio Grande-Texas Gulf,110901,af,202800,04/10/1997,04/10/1997,208800,204400,201600,166600,111800,88174,44960,153578.27586206896,1.2172869147659064,1.3204992624226215,10/1/1990 - 9/30/2020,1358594,1285151,0.14927196793155276,,https://api.wwdh.internetofwater.app/collections/rise-edr/locations/--?parameter-name=Storage&datetime=1997-04-10/1997-04-11&f=csv,
Lake Of The Arbuckles (Arbuckle Dam),34.4331,-97.0278,OK,Arkansas-Rio Grande-Texas Gulf,111303,af,202800,04/10/1997,04/10/1997,208800,204400,201600,166600,111800,88174,44960,153578.27586206896,1.2172869147659064,1.3204992624226215,10/1/1990 - 9/30/2020,108596,98220,1.8674720984198312,,https://api.wwdh.internetofwater.app/collections/rise-edr/locations/--?parameter-name=Storage&datetime=1997-04-10/1997-04-11&f=csv,
Prosser Creek Reservoir (Prosser Creek Dam),39.3789,-120.1386,CA,California-Great Basin,160501,af,9807,04/10/1997,04/10/1997,12660,11280,10500,9987,9647,9030.2,5374,9979.448275862069,0.9819765695404026,0.9827196583322968,10/1/1990 - 9/30/2020,29840,28640,0.3286528150134048,,https://api.waterdata.usgs.gov/ogcapi/v0/collections/daily/items?sites=10340300&startDate=1997-04-10&endDate=1997-04-10&parameterCode=00054,
Rifle Gap Reservoir (Rifle Gap Dam),39.6279,-107.7595,CO,Upper Colorado Basin,140100,af,202800,04/10/1997,04/10/1997,208800,204400,201600,166600,111800,88174,44960,153578.27586206896,1.2172869147659064,1.3204992624226215,10/1/1990 - 9/30/2020,13602,12168,14.909572121746802,,https://api.wwdh.internetofwater.app/collections/rise-edr/locations/--?parameter-name=Storage&datetime=1997-04-10/1997-04-11&f=csv,
Stampede Reservoir (Stampede Dam),39.4751,-120.1039,CA,California-Great Basin,160501,,,,04/10/1997,,,,,,,,,,,10/1/1990 - 9/30/2020,226500,221500,,,,
Lake Tahoe Reservoir (Lake Tahoe Dam),39.1671,-120.144,CA,California-Great Basin,160501,,,,04/10/1997,,,,,,,,,,,10/1/1990 - 9/30/2020,744000,744000,,,,
Twin Buttes Reservoir (Twin Buttes Dam),31.3656,-100.5284,TX,Arkansas-Rio Grande-Texas Gulf,120901,af,202800,04/10/1997,04/10/1997,208800,204400,201600,166600,111800,88174,44960,153578.27586206896,1.2172869147659064,1.3204992624226215,10/1/1990 - 9/30/2020,641234,632887,0.3162652011590153,,https://api.wwdh.internetofwater.app/collections/rise-edr/locations/--?parameter-name=Storage&datetime=1997-04-10/1997-04-11&f=csv,
Upper Klamath Lake (Link River Diversion Dam),42.2339,-121.8019,OR,California-Great Basin,180102,,,,04/10/1997,,,,,,,,,,,10/1/1990 - 9/30/2020,735000,523700,,,,
Vega Reservoir (Vega Dam),39.2243,-107.8108,CO,Upper Colorado Basin,140100,af,202800,04/10/1997,04/10/1997,208800,204400,201600,166600,111800,88174,44960,153578.27586206896,1.2172869147659064,1.3204992624226215,10/1/1990 - 9/30/2020,33800,32980,6,,https://api.wwdh.internetofwater.app/collections/rise-edr/locations/--?parameter-name=Storage&datetime=1997-04-10/1997-04-11&f=csv,
Cedar Bluff Reservoir (Cedar Bluff Dam),38.7892,-99.7207,KS,Missouri Basin,102600,,,,04/10/1997,,,,,,,,,,,10/1/1990 - 9/30/2020,364342,335768,,,,
