SiteName,Lat,Lon,State,DoiRegion,Huc6,DataUnits,DataValue,DataDate,DateQueried,DataDateMax,DataDateP90,DataDateP75,DataDateP50,DataDateP25,DataDateP10,DataDateMin,DataDateAvg,DataValuePctMdn,DataValuePctAvg,StatsPeriod,MaxCapacity,PctFull,TeacupUrl,DataUrl,Comment
Marys Lake (Marys Lake Dikes),40.3440796,-105.5343083,CO,Upper Colorado Basin,101900,af,623.889,02/03/2026,02/04/2026,835.598,819.9236,718.40225,659.023,622.4495000000001,559.1,490.75,672.9335833333333,0.9466877483790399,0.9271182408665145,10/1/1990 - 9/30/2020,927,0.6730194174757281,,,
Gray Reef Reservoir (Gray Reef Dam),42.5656,-106.6989,WY,Upper Colorado Basin,101800,,,,02/04/2026,,,,,,,,,,,10/1/1990 - 9/30/2020,1800,,,,
Spring Creek Reservoir (Spring Creek Debris Dam),40.629,-122.474,CA,California-Great Basin,180201,af,2854,02/03/2026,02/04/2026,5207.55,3082.2970000000005,1641.25,1457.205,986.25,863.8,738.3,1654.2376666666667,1.958543924842421,1.7252659986583951,10/1/1990 - 9/30/2020,5874,0.48586993530813755,,,
Angostura Reservoir (Angostura Dam),43.3433,-103.4383,SD,Missouri Basin,101201,af,70876.7,02/03/2026,02/04/2026,125099,118117,106063.25,99146.5,83146.85,62084.46,49284,93785.81333333334,0.7148684018094436,0.7557294379704336,10/1/1990 - 9/30/2020,123048,0.5760085495091346,,,
Alcova Reservoir (Alcova Dam),42.5489,-106.7206,WY,Upper Colorado Basin,101800,af,157758,02/03/2026,02/04/2026,157215,156946.3,156870.5,156459,156160.75,155941.7,145017,156082.33333333334,1.0083024945832455,1.0107357868817097,10/1/1990 - 9/30/2020,184405,0.8554974105908191,,,
Anchor Reservoir (Anchor Dam),43.6639,-108.8242,WY,Upper Colorado Basin,100800,af,576.396,02/03/2026,02/04/2026,744.411,483.7358,355.193,280.097,178.398,105.80000000000001,59,294.3356206896552,2.0578442468144966,1.958295087252612,10/1/1990 - 9/30/2020,17228,0.033456930578128624,,,
Lake Alice (Lake Alice Dams),41.9867,-103.6322,NE,Missouri Basin,101800,af,0,02/03/2026,02/04/2026,1783,950.1,671.5,251,34.25,0,0,395.2666666666667,0,0,10/1/1990 - 9/30/2020,11034,0,,,
Avalon Reservoir (Avalon Dam),32.4908,-104.2522,NM,Upper Colorado Basin,130600,af,2883,02/03/2026,02/04/2026,4830,3326.6000000000004,2874.25,2420,2180,22.500000000000007,0,2242.0666666666666,1.1913223140495868,1.285867205851744,10/1/1990 - 9/30/2020,4466,0.6455441110613525,,,
Box Butte Reservoir (Box Butte Dam),42.4583,-103.0667,NE,Missouri Basin,101500,af,10572,02/03/2026,02/04/2026,23346,16605.44,15542.9,11997,9246.5,6560.5560000000005,5039,12260.767037037038,0.881220305076269,0.8622625295843522,10/1/1990 - 9/30/2020,29161,0.3625390075786153,,,
Buffalo Bill Reservoir (Buffalo Bill Dam),44.5014,-109.1833,WY,Upper Colorado Basin,100800,af,392693,02/03/2026,02/04/2026,534581,487598.4,466592.25,446503,386562.25,276980.30000000005,170720,417726.86666666664,0.8794856921454055,0.9400712076136513,10/1/1990 - 9/30/2020,646565,0.6073527023578449,,,
Lake Berryessa (Monticello Dam),38.513,-122.104,CA,California-Great Basin,180201,af,1491390,02/01/2026,02/04/2026,1642610,1597954,1474737.5,1367515,1092612.5,762341.6000000001,545628,1259720.1,1.0905840155318223,1.1839058533717133,10/1/1990 - 9/30/2020,1602278,0.9307935327078073,,,
Belle Fourche Reservoir (Belle Fourche Dam),44.7367,-103.6742,SD,Missouri Basin,101202,af,146116,02/03/2026,02/04/2026,175372,166319.3,144959.25,135911.5,93414.125,62667.38,48516.9,119923.01,1.075081946707968,1.2184150481212905,10/1/1990 - 9/30/2020,172873,0.8452216366928323,,,
Bighorn Lake (Yellowtail Dam),45.3072,-107.9569,MT,Missouri Basin,100800,af,830271,02/03/2026,02/04/2026,955791,937365.3,888871,868207.5,829340,713170.2,631613,847966,0.9563048004077366,0.9791324180450631,10/1/1990 - 9/30/2020,1263682,0.6570252642674344,,,
Big Sandy Reservoir (Big Sandy Dam),42.26841,-109.43201,WY,Upper Colorado Basin,140401,af,16838,02/03/2026,02/04/2026,31177,26658.560000000005,22360.5,18489,9529,5899.058,3425,16886.627037037037,0.9107036616366488,0.9971203818897413,10/1/1990 - 9/30/2020,38100,0.44194225721784774,,,
Bull Lake (Bull Lake Dam),43.2097,-109.0417,WY,Upper Colorado Basin,100800,af,39930.3,02/03/2026,02/04/2026,105900,100276.84000000001,95318.15,81639.15,59890.875,50153.33,28975.3,78252.81333333334,0.4891072481768858,0.5102730278834704,10/1/1990 - 9/30/2020,152459,0.2619084475170374,,,
Boysen Reservoir (Boysen Dam),43.4,-108.1769,WY,Upper Colorado Basin,100800,af,520239,02/03/2026,02/04/2026,670948,636929,620386.25,591123,541027.5,420984.2,297302,562295.5666666667,0.8800858704533574,0.9252055873106356,10/1/1990 - 9/30/2020,892226,0.5830798474825885,,,
Brantley Reservoir (Brantley Dam),32.5442,-104.3814,NM,Upper Colorado Basin,130600,af,20751.2,02/03/2026,02/04/2026,83581,41925.3,32967.25,26600,15241.75,11838,6076,26986.9,0.7801203007518798,0.7689360393376046,10/1/1990 - 9/30/2020,384035,0.054034658299373754,,,
Caballo Reservoir (Caballo Dam),32.92443,-107.29932,NM,Upper Colorado Basin,130301,af,16210,02/03/2026,02/04/2026,209190,78625.99999999994,47430,36380,25877,16518.6,8476,49515.24137931033,0.44557449147883454,0.3273739468585779,10/1/1990 - 9/30/2020,324509,0.049952389610149486,,,
Calamus Reservoir (Virginia Smith Dam),41.8272,-99.2197,NE,Missouri Basin,102100,af,100627,02/03/2026,02/04/2026,120855,117883.9,113686,109610,104292.75,102630.7,91518.6,109245.66363636364,0.9180457987409908,0.9211074989204897,10/1/1990 - 9/30/2020,119469,0.8422854464338029,,,
Carter Lake Reservoir (Carter Lake Dams),40.3242,-105.2119,CO,Upper Colorado Basin,101900,af,97424.1,02/03/2026,02/04/2026,106395,101440.98999999999,84228.375,77446.2,60615.725,36249.1,6532,71311.31666666667,1.2579584279151206,1.3661800756728888,10/1/1990 - 9/30/2020,112230,0.8680753809141941,,,
Causey Reservoir (Causey Dam),41.29828,-111.58591,UT,Upper Colorado Basin,160201,af,4622.86,02/02/2026,02/04/2026,7083,5649,5070,4184,3350,1970.2000000000003,795,4033.16,1.1048900573613767,1.146212895099624,10/1/1990 - 9/30/2020,7870,0.5874027954256671,,,
Choke Canyon Reservoir (Choke Canyon Dam),28.4667,-98.1667,TX,Arkansas-Rio Grande-Texas Gulf,121101,af,64710,02/03/2026,02/04/2026,698409,687196.7999999999,559207,399223,269104,227986.80000000002,170617,421382.3793103448,0.1620898595521801,0.1535659846667238,10/1/1990 - 9/30/2020,695271,0.09307162243211639,,,
Lake Cachuma (Bradbury Dam),34.583,-119.98,CA,Lower Colorado Basin,180600,af,195838,02/03/2026,02/04/2026,191051,180738.7,171493,155407.5,85099.5,50321.560000000005,25315,132030.19666666666,1.2601579717838585,1.4832818926599596,10/1/1990 - 9/30/2020,193305,1.0131036444996249,,,
Clark Canyon Reservoir (Clark Canyon Dam),45.0017,-112.8575,MT,Missouri Basin,100200,af,94484,02/03/2026,02/04/2026,163619,158648.6,156222.5,110483.5,92092.25,67462.3,43255,116512.60333333333,0.8551865210642313,0.8109337298874763,10/1/1990 - 9/30/2020,251436,0.3757775338455909,,,
Canyon Ferry Lake (Canyon Ferry Dam),46.6492,-111.7275,MT,Missouri Basin,100301,af,1459920,02/03/2026,02/04/2026,1721850,1607421,1578807.5,1506445,1460357.5,1403784,1372970,1512151.3333333333,0.9691160314515299,0.9654589245256318,10/1/1990 - 9/30/2020,1993036,0.732510601915871,,,
Cochiti Lake (Cochiti Dam),35.62823,-106.31716,NM,Upper Colorado Basin,130202,,,,02/04/2026,,,,,,,,,,,10/1/1990 - 9/30/2020,766819,,,,
Currant Creek Reservoir (Currant Creek Dam),40.33841,-111.05821,UT,Upper Colorado Basin,140600,af,14891.8,02/02/2026,02/04/2026,15195,15130.3,15035.5,14794,14534.5,14346.68,14223.8,14768.37,1.006610788157361,1.0083577266820913,10/1/1990 - 9/30/2020,15671,0.9502775827962479,,,
Davis Creek Reservoir (Davis Creek Dam),41.4047,-98.7078,NE,Missouri Basin,102100,af,12760.4,02/03/2026,02/04/2026,25655.6,18684.02,12666.3,9735.05,9159.009999999998,7208.002,6165.96,11625.147826086957,1.3107688198827947,1.0976548591808462,10/1/1990 - 9/30/2020,31158,0.40953848128891457,,,
Deer Creek Reservoir (Deer Creek Dam),40.43511,-111.50035,UT,Upper Colorado Basin,160202,af,121044,02/02/2026,02/04/2026,144030,139754.30000000002,133396.25,118661,109206.75,79980.22,55430,114837.22666666667,1.0200824196661076,1.0540484432922563,10/1/1990 - 9/30/2020,153445,0.7888429078823032,,,
Deerfield Lake (Deerfield Dam),44.0281,-103.7858,SD,Missouri Basin,101201,af,15002,02/03/2026,02/04/2026,15630,15322,15194.5,14916.95,14432.5,13281.400000000001,11734,14600.01,1.00570156767972,1.0275335427852446,10/1/1990 - 9/30/2020,15654,0.958349303692347,,,
Edward Arthur Patterson Lake (Dickinson Dam),46.8697,-102.8269,ND,Missouri Basin,101302,af,6200,02/03/2026,02/04/2026,9294.26,8889.6,8045.75,6372.75,4795.75,2350.8,1232,6069.763,0.9728923933937468,1.0214566862001038,10/1/1990 - 9/30/2020,8479,0.7312183040452883,,,
East Canyon Reservoir (East Canyon Dam),40.91017,-111.59293,UT,Upper Colorado Basin,160201,af,35477.4,02/03/2026,02/04/2026,44658,40768.68,39691,35997.5,26475.25,23618.1,20478,33340.5,0.9855517744287798,1.0640932199577091,10/1/1990 - 9/30/2020,51200,0.69291796875,,,
Echo Reservoir (Echo Dam),40.9574,-111.4179,UT,Upper Colorado Basin,160201,af,40153.8,02/03/2026,02/04/2026,65587,60534.600000000006,53429.25,43411,32564,22908.699999999997,18472,42752.9,0.9249683260003225,0.9392064631872926,10/1/1990 - 9/30/2020,73940,0.5430592372193671,,,
Eden Reservoir (Eden Dikes),42.225,-109.3706,WY,Upper Colorado Basin,140401,af,2016.41,02/03/2026,02/04/2026,9166,7998.4000000000005,5802,3069,2361,1476.8000000000002,803,4194.857142857143,0.6570250896057348,0.48068621441220544,10/1/1990 - 9/30/2020,14421,0.13982456140350877,,,
Elephant Butte Reservoir (Elephant Butte Dam),33.22488,-107.17589,NM,Upper Colorado Basin,130202,af,214502,02/03/2026,02/04/2026,2038400,1959229,1740547.5,564413,342960,247269,146346,920712.5666666668,0.38004440011126606,0.2329739027855128,10/1/1990 - 9/30/2020,2357104,0.09100234864477766,,,
El Vado Reservoir (El Vado Dam),36.5948,-106.7366,NM,Upper Colorado Basin,130201,af,22948,02/03/2026,02/04/2026,160878,114550.10000000005,105850,72964,30380.25,14818.5,7890,72330.86666666667,0.3145112658297243,0.3172642753716025,10/1/1990 - 9/30/2020,214091,0.10718806488829516,,,
Flatiron Reservoir (Flatiron Dam),40.365,-105.2361,CO,Upper Colorado Basin,101900,af,597,02/03/2026,02/04/2026,701.763,669.3702,653.119,597.689,573.296,522.4302,440.021,598.0674117647059,0.9988472265676632,0.9982152316884207,10/1/1990 - 9/30/2020,730,0.8178082191780822,,,
Folsom Lake (Folsom Dam),38.683,-121.183,CA,California-Great Basin,180201,af,553072,02/03/2026,02/04/2026,596195,581185,556624.25,483766.5,379588.5,289510.4,156544,454520.1666666667,1.1432622969965882,1.2168260960918125,10/1/1990 - 9/30/2020,977000,0.5660921187308086,,,
Fresno Reservoir (Fresno Dam),48.6083,-109.9458,MT,Missouri Basin,100500,af,28588.7,02/03/2026,02/04/2026,77452,65137.500000000015,58954.5,49591.1,38725,24279.350000000002,7347,47662.31333333333,0.5764885231422574,0.5998177176181265,10/1/1990 - 9/30/2020,91746,0.3116070455387701,,,
Fruitgrowers Reservoir (Fruitgrowers Dam),38.82675,-107.9542778,CO,Upper Colorado Basin,140200,af,1448.68,02/03/2026,02/04/2026,4827,4809,3615.5,2885,2170.5,1427.1999999999998,0.21,2874.326842105263,0.5021421143847488,0.5040067047277523,10/1/1990 - 9/30/2020,4030,0.3594739454094293,,,
Gibson Reservoir (Gibson Dam),47.6008,-112.7617,MT,Missouri Basin,100301,af,49994,02/03/2026,02/04/2026,52145,46569.520000000004,41562.75,24694,18837.275,16104.8,12179,29351.89,2.0245403741799626,1.703263401436841,10/1/1990 - 9/30/2020,98688,0.5065864137483788,,,
Glendo Reservoir (Glendo Dam),42.4772,-104.9506,WY,Upper Colorado Basin,101800,af,265375,02/03/2026,02/04/2026,426527,386513.1,311051,285109.5,269038,250200,230400,299416.7,0.9307827343529416,0.8863066088164087,10/1/1990 - 9/30/2020,763039,0.34778694142763344,,,
Lake Granby (Granby Dam),40.182,-105.8711,CO,Upper Colorado Basin,140100,af,352103,02/03/2026,02/04/2026,495047,486189.4,447840,379401,293797,243117.19999999998,107520,367179.3103448276,0.9280497415663111,0.9589401964651303,10/1/1990 - 9/30/2020,539758,0.6523349352858133,,,
Green Mountain Reservoir (Green Mountain Dam),39.8789,-106.3133,CO,Upper Colorado Basin,140100,af,58744.6,02/03/2026,02/04/2026,108863,89806.89000000001,83773.9,74730.95000000001,67310.075,59389.64,39701.8,74436.49333333333,0.7860812688718662,0.7891908574593429,10/1/1990 - 9/30/2020,153639,0.3823547406582964,,,
Guernsey Reservoir (Guernsey Dam),42.2886,-104.7625,WY,Upper Colorado Basin,101800,af,14932,02/03/2026,02/04/2026,22628,19776.44,18193.2,14650.5,10344.994999999999,4671.504,0,13492.542,1.0192143612845979,1.1066854563061579,10/1/1990 - 9/30/2020,45612,0.32736999035341574,,,
Heron Reservoir (Heron Dam),36.6973,-106.6992,NM,Upper Colorado Basin,130201,af,26448,02/03/2026,02/04/2026,393815,379077.4,333589.75,226338.5,119609.25,68899.9,56095,225988.96666666662,0.11685152989880201,0.1170322621945113,10/1/1990 - 9/30/2020,428360,0.06174245961340928,,,
Horsetooth Reservoir (Horsetooth Dam),40.5994,-105.1711,CO,Upper Colorado Basin,101900,af,135350,02/03/2026,02/04/2026,150965,136768.2,123400.25,112945.5,87473.15,75084.75000000003,21314,103614.41333333333,1.1983655834008438,1.3062854447148344,10/1/1990 - 9/30/2020,156735,0.8635595112769962,,,
Hyrum Reservoir (Hyrum Dam),41.62117,-111.86099,UT,Upper Colorado Basin,160102,af,6714.4,02/03/2026,02/04/2026,12348,10848.8,10476,10223,9827.5,9715.2,8993,10256.565217391304,0.6567935048420228,0.6546441091813939,10/1/1990 - 9/30/2020,17746,0.3783613208610391,,,
Jackson Gulch Reservoir (Jackson Gulch Dam),37.40186,-108.27342,CO,Upper Colorado Basin,140801,af,5248.02,02/03/2026,02/04/2026,6942,5640.200000000001,5170.1075,3974.96,2978,2373.5,1397,4063.5226666666667,1.3202698895083222,1.2914951953018106,10/1/1990 - 9/30/2020,9980,0.5258537074148297,,,
Jamestown Reservoir (Jamestown Dam),46.9306,-98.7064,ND,Missouri Basin,101600,af,27408,02/03/2026,02/04/2026,43448,30111.93,28155.4,27462.3,26406.149999999998,21428.460000000003,14525.8,26878.36,0.9980227439071018,1.019705071291552,10/1/1990 - 9/30/2020,220990,0.12402371148015748,,,
Jordanelle Reservoir (Jordanelle Dam),40.60689,-111.41655,UT,Upper Colorado Basin,160202,af,198991,02/02/2026,02/04/2026,271501,266126.60000000003,252664,227622,195427.5,165170.2,56312.4,217379.64444444445,0.8742169034627585,0.9154076984004635,10/1/1990 - 9/30/2020,361500,0.5504591977869986,,,
Keswick Reservoir (Keswick Dam),40.601,-122.443,CA,California-Great Basin,180201,af,18339,02/03/2026,02/04/2026,22726.8,22112.17,21711,21100.75,20202.25,19652.5,18182,20912.406666666666,0.8691160266815161,0.8769435432427513,10/1/1990 - 9/30/2020,23772,0.7714538112064614,,,
Keyhole Reservoir (Keyhole Dam),44.3819,-104.7792,WY,Upper Colorado Basin,101202,af,110761,02/03/2026,02/04/2026,177439,171892.3,159120.5,117530.5,90087.5,51684.670000000006,18672.2,118247.15666666666,0.9424021849647538,0.9366905989311033,10/1/1990 - 9/30/2020,329134,0.33652251058839255,,,
Keith Sebelius Lake (Norton Dam),39.8075,-99.9342,KS,Missouri Basin,102500,af,12547,02/03/2026,02/04/2026,40660.3,28786.49,23542.5,16625,9856.75,8407.3,4195,17643.24,0.7547067669172932,0.7111505596477744,10/1/1990 - 9/30/2020,133740,0.09381636010168985,,,
Kirwin Reservoir (Kirwin Dam),39.6636,-99.1247,KS,Missouri Basin,102600,af,32119,02/03/2026,02/04/2026,121040,102234.8,98548,78019.25,27514.5,19026.600000000002,8563,66800.31666666667,0.4116804506580107,0.48082107395199475,10/1/1990 - 9/30/2020,313290,0.10252162533116282,,,
Lake Nighthorse (Ridges Basin Dam),37.22392,-107.91694,CO,Upper Colorado Basin,140801,af,112289,02/03/2026,02/04/2026,113249,113087,112098,111583,106694.5,70887,19921,99022.09090909091,1.006327128684477,1.1339792865320226,10/1/1990 - 9/30/2020,123541,0.9089209250370323,,,
Lake Powell (Glen Canyon Dam),37.05778,-111.30332,UT,Upper Colorado Basin,140700,af,6109140,02/03/2026,02/04/2026,21316400,20920910,17311250,13427550,11341150,10761455,8446790,14398637.666666668,0.45497056425036586,0.42428597353643155,10/1/1990 - 9/30/2020,26215000,0.2330398626740416,,,
Little Lake Alice (Little Lake Alice Dam),41.9625,-103.5722,NE,Missouri Basin,101800,af,124,02/02/2026,02/04/2026,339,129.5,123,91,59.25,38.6,7,97.96666666666667,1.3626373626373627,1.2657366451173868,10/1/1990 - 9/30/2020,1166,0.10634648370497427,,,
Lemon Reservoir (Lemon Dam),37.39538,-107.66269,CO,Upper Colorado Basin,140801,af,27812.1,02/03/2026,02/04/2026,33175,25890.710000000006,22329.5,18557,13166.5,9133.300000000001,5940,18100.623333333333,1.4987390203157838,1.5365271951039623,10/1/1990 - 9/30/2020,40146,0.6927738753549544,,,
Lake Elwell (Tiber Dam),48.3183,-111.0908,MT,Missouri Basin,100302,af,753519,02/03/2026,02/04/2026,855393,803795.9,773045,745956,732095.25,705893.6,652104,751400.8,1.010138667696218,1.0028190015235543,10/1/1990 - 9/30/2020,1328723,0.5671001405108514,,,
Lewiston Lake (Lewiston Dam),40.727,-122.793,CA,California-Great Basin,180102,af,13904,02/03/2026,02/04/2026,14427,14330.7,14163.25,14102,13942.75,13747.099999999999,13462,14041.626666666667,0.9859594383775351,0.9901986664413049,10/1/1990 - 9/30/2020,14660,0.948431105047749,,,
Lake Minatare (Minatare Dam),41.9183,-103.4886,NE,Missouri Basin,101800,af,17678,02/03/2026,02/04/2026,39533,35763.200000000004,32363.5,28890.5,16763.5,9700.2,7405,25601.966666666667,0.6118966442256105,0.6904938292500966,10/1/1990 - 9/30/2020,58795,0.30067182583553026,,,
Lost Creek Reservoir (Lost Creek Dam),41.18887,-111.39628,UT,Upper Colorado Basin,160201,af,13169.9,02/03/2026,02/04/2026,19862,16905,15995,13477,7607.8075,5376,0,12047.277666666665,0.9772130296059953,1.093184731388693,10/1/1990 - 9/30/2020,22510,0.5850688582852066,,,
Lake Tschida (Heart Butte Dam),46.5967,-101.8094,ND,Missouri Basin,101302,af,60138,02/03/2026,02/04/2026,74663.4,64185.9,61761.75,59072.5,53296.25,44367.31,34508,56840.98333333333,1.018037157729908,1.0580042158548162,10/1/1990 - 9/30/2020,212696,0.2827415654267123,,,
Lovewell Reservoir (Lovewell Dam),39.8845,-98.0281,KS,Missouri Basin,102500,af,25617.8,02/03/2026,02/04/2026,44530,38433.39,35502.25,32288,28541.25,23416.100000000002,18315,31729.303333333333,0.7934155104063428,0.8073861480938073,10/1/1990 - 9/30/2020,86131,0.29742833590693246,,,
McGee Creek Reservoir (McGee Creek Dam),34.3145,-95.875,OK,Arkansas-Rio Grande-Texas Gulf,111401,af,82123.6,02/03/2026,02/04/2026,140699,119348.8,116330,115070,110202,99051.82,76868.1,112175.25172413792,0.7136838446163205,0.7321008755296478,10/1/1990 - 9/30/2020,199276,0.412109837612156,,,
McPhee Reservoir (McPhee Dam),37.53968,-108.54219,CO,Upper Colorado Basin,140300,af,185104,02/03/2026,02/04/2026,341228,311767.39999999997,291577.25,271534,210869.25,182484.3,160741,256313.3,0.6816973196726746,0.7221786774232941,10/1/1990 - 9/30/2020,381200,0.48558237145855193,,,
Meeks Cabin Reservoir (Meeks Cabin Dam),41.01664,-110.58344,WY,Upper Colorado Basin,140401,af,6484.15,02/03/2026,02/04/2026,23679,18578.200000000004,13239,10122,8271,6954.2,4146,11496.6,0.6405996838569452,0.5640058799993041,10/1/1990 - 9/30/2020,32470,0.1996966430551278,,,
Millerton Lake (Friant Dam),37.001,-119.705,CA,California-Great Basin,180400,af,313360,02/03/2026,02/04/2026,458701,404192.9,368709.25,316081.5,238153.5,211568.10000000003,185365,313009.8333333333,0.9913898788761759,1.0011187081981983,10/1/1990 - 9/30/2020,520500,0.6020365033621518,,,
Moon Lake (Moon Lake Dam),40.57445,-110.50665,UT,Upper Colorado Basin,140600,af,14986.8,02/03/2026,02/04/2026,33234,31331.600000000002,25049,21019,13698,11236.400000000001,9484,20587.832,0.713012036728674,0.7279445451080037,10/1/1990 - 9/30/2020,53633,0.27943243898346165,,,
Morrow Point Reservoir (Morrow Point Dam),38.44437,-107.50955,CO,Upper Colorado Basin,140200,af,113681,02/03/2026,02/04/2026,114224,113438.5,111412,110265,108342.75,106558.6,105091,109967.56666666667,1.0309799120301093,1.0337684414222739,10/1/1990 - 9/30/2020,117190,0.9700571721136616,,,
Merritt Reservoir (Merritt Dam),42.635,-100.8722,NE,Missouri Basin,101500,af,61450,02/03/2026,02/04/2026,69640.2,69151.7,68860.45,61872.5,61417,61234,60777,64483.3,0.9931714412703544,0.9529599136520618,10/1/1990 - 9/30/2020,66726,0.9209303719689477,,,
Mt. Elbert Forebay (Mt. Elbert Forebay Dam),39.1022,-106.3533,CO,Upper Colorado Basin,110200,af,8870,02/03/2026,02/04/2026,10462,9253.6,8951.5,8852,8244.75,8017.5,7890,8757.75,1.0020334387708991,1.0128172190345694,10/1/1990 - 9/30/2020,11143,0.7960154356995424,,,
Lake Nasworthy (Nasworthy Dam),31.3886,-100.4781,TX,Arkansas-Rio Grande-Texas Gulf,120901,af,9443.51,02/03/2026,02/04/2026,10716,9991.134999999998,9034.2675,8697.03,8308.795,7793.245000000001,7058.37,8728.267142857143,1.0858315999829826,1.0819455735527277,10/1/1990 - 9/30/2020,,,,,
Lake Natoma (Nimbus Dam),38.65,-121.183,CA,California-Great Basin,180201,af,8209,02/03/2026,02/04/2026,8581,8241.16,7963.75,7750.75,7572,7413.4800000000005,6984,7775.693333333334,1.0591233106473568,1.0557257916550207,10/1/1990 - 9/30/2020,8760,0.9371004566210046,,,
Navajo Reservoir (Navajo Dam),36.85932,-107.53047,NM,Upper Colorado Basin,140801,af,990605,02/03/2026,02/04/2026,1545190,1525079,1453315,1308395,1200087.5,939145.7000000001,706738,1276124.3,0.7571146328134852,0.7762605884081981,10/1/1990 - 9/30/2020,1713900,0.5779829628333042,,,
Nelson Reservoir (Nelson Dikes),48.5297,-107.5186,MT,Missouri Basin,100500,af,53824,02/03/2026,02/04/2026,69835,68168.95999999999,63312,56746.4,46179.05,35906.520000000004,27953,54174.229629629626,0.9485006978416252,0.9935351248735049,10/1/1990 - 9/30/2020,78950,0.6817479417352755,,,
Newton Reservoir (Newton Dam),41.8998,-111.97562,UT,Upper Colorado Basin,160102,af,1595.75,02/03/2026,02/04/2026,4924,4625,3419,2164,1397,1039,793,2386.670476190476,0.7374075785582255,0.6686092679820144,10/1/1990 - 9/30/2020,5594,0.28526099392205934,,,
Lake Estes (Olympus Dam),40.373,-105.4878,CO,Upper Colorado Basin,101900,af,2234.84,02/03/2026,02/04/2026,2803,2700,2623,2504,2480,2429.2,2204,2537.68,0.8925079872204473,0.8806626525014976,10/1/1990 - 9/30/2020,2783,0.8030326985267697,,,
Paonia Reservoir (Paonia Dam),38.9442,-107.3517,CO,Upper Colorado Basin,140200,af,3850,02/03/2026,02/04/2026,8095.04,5171.419000000001,3901.4950000000003,2802.275,1410.045,738.9090000000001,483.49,2885.9030000000002,1.373883719477924,1.3340711728703285,10/1/1990 - 9/30/2020,15522,0.2480350470300219,,,
Pathfinder Reservoir (Pathfinder Dam),42.4681,-106.8536,WY,Upper Colorado Basin,101800,af,347104,02/03/2026,02/04/2026,948295,892044.9,819624,566885.5,309733.25,242051.6,204370,564556.1333333333,0.6123000147296059,0.6148263733325839,10/1/1990 - 9/30/2020,1070185,0.32434018417376437,,,
Pilot Butte Reservoir (Pilot Butte Dam),43.2,-108.75,WY,Upper Colorado Basin,100800,af,29047,02/03/2026,02/04/2026,32969,32285.980000000003,28721.25,27795,27457.25,26892,16081,28084.723333333335,1.0450440726749415,1.0342633486271362,10/1/1990 - 9/30/2020,33721,0.8613920109130808,,,
Pineview Reservoir (Pineview Dam),41.26543,-111.80998,UT,Upper Colorado Basin,160201,af,68570.4,02/03/2026,02/04/2026,86096,71476.82,64833.899999999994,53915,42984.75,33383.700000000004,11252.7,53290.573333333334,1.2718241676713344,1.2867266330780702,10/1/1990 - 9/30/2020,110150,0.6225183840217884,,,
Pinewood Lake (Rattlesnake Dam),40.368,-105.2864,CO,Upper Colorado Basin,101900,af,1244,02/03/2026,02/04/2026,2028,1794,1759,1617.02,1328.65,1197.09,986.042,1556.4491428571428,0.7693163968287343,0.7992551544064035,10/1/1990 - 9/30/2020,2104,0.591254752851711,,,
Pishkun Reservoir (Pishkun Dikes),47.6767,-112.4967,MT,Missouri Basin,100301,af,27950,02/03/2026,02/04/2026,37204,36282.18,35812.15,35485.75,21316.25,17328,16008,29994.175,0.7876401090578613,0.9318476004090794,10/1/1990 - 9/30/2020,46694,0.5985779757570566,,,
Pactola Reservoir (Pactola Dam),44.0722,-103.4881,SD,Missouri Basin,101201,af,46939,02/03/2026,02/04/2026,56892,54795,53800.25,52566,47543.25,35913.3,23981.6,48625.666666666664,0.8929536202107826,0.9653132433488487,10/1/1990 - 9/30/2020,99029,0.473992466853144,,,
Pueblo Reservoir (Pueblo Dam),38.2597,-104.7181,CO,Upper Colorado Basin,110200,af,211979,02/03/2026,02/04/2026,291258,255343.10000000003,237792.25,208098,153194.5,131848.9,102270,197264.13333333333,1.0186498668896384,1.0745947396418067,10/1/1990 - 9/30/2020,338374,0.6264636171809891,,,
Red Fleet Reservoir (Red Fleet Dam),40.57832,-109.42853,UT,Upper Colorado Basin,140600,af,8701.26,02/02/2026,02/04/2026,21872,21375.600000000002,20289.5,18662.4,16194.125,11876.2,10763,17774.216666666667,0.4662454989711934,0.4895439367698342,10/1/1990 - 9/30/2020,26000,0.33466384615384615,,,
Ridgway Reservoir (Ridgway Dam),38.22281,-107.74781,CO,Upper Colorado Basin,140200,af,69506.4,02/03/2026,02/04/2026,77534,75510.8,72426.75,67385,64044.5,61310.899999999994,46426,67547.4,1.031481783779773,1.0290018564741203,10/1/1990 - 9/30/2020,84410,0.8234379812818385,,,
Rockport Lake (Wanship Dam),40.77498,-111.39859,UT,Upper Colorado Basin,160201,af,34028.2,02/03/2026,02/04/2026,54897,45683.4,43184.5,36018.45,30844.824999999997,26991.600000000002,19088,36235.30333333333,0.9447435966844769,0.9390896962271876,10/1/1990 - 9/30/2020,62120,0.5477817128139085,,,
Ruedi Reservoir (Ruedi Dam),39.3639,-106.818,CO,Upper Colorado Basin,140100,af,64088.8,02/03/2026,02/04/2026,81752.6,76761.37000000001,75101.9,71166.70000000001,67850.5,64331.72,46813.6,70452.84333333334,0.9005447772623993,0.9096694607026269,10/1/1990 - 9/30/2020,102373,0.6260322545983804,,,
Santa Rosa Lake (Santa Rosa Dam),35.028332,-104.6883,NM,Upper Colorado Basin,130600,,,,02/04/2026,,,,,,,,,,,10/1/1990 - 9/30/2020,801174,,,,
Scofield Reservoir (Scofield Dam),39.77656,-111.05074,UT,Upper Colorado Basin,140600,af,48674.8,02/03/2026,02/04/2026,51508,46098.4,37825.25,24864,14274.5,9067.312999999998,3824.66,25805.086428571427,1.9576415701415704,1.8862482842183856,10/1/1990 - 9/30/2020,73600,0.6613423913043479,,,
Seminoe Reservoir (Seminoe Dam),42.1558,-106.9081,WY,Upper Colorado Basin,101800,af,328825,02/03/2026,02/04/2026,867586,830719.2,751229.25,593709.5,326890.5,262618.60000000003,194075,554606.6,0.5538483046001453,0.5928977404884832,10/1/1990 - 9/30/2020,1017273,0.32324164703083635,,,
Shasta Lake (Shasta Dam),40.718,-122.42,CA,California-Great Basin,180201,af,3625560,02/03/2026,02/04/2026,3704120,3618284,3545642.5,3364985,2690862.5,1642494.0000000002,1342480,2992588.6666666665,1.0774371951137969,1.2115129754996956,10/1/1990 - 9/30/2020,4552090,0.7964605269227981,,,
Shadow Mountain Lake (Shadow Mountain Dam),40.2072,-105.8417,CO,Upper Colorado Basin,140100,af,17021.8,02/03/2026,02/04/2026,18038.7,17909.4,17891.5,17853.8,17804.4,17706.6,17633,17840.266666666666,0.9533992763445317,0.9541225093795309,10/1/1990 - 9/30/2020,18369,0.9266590451303827,,,
Lake Sherburne (Lake Sherburne Dam),48.8283,-113.5211,MT,Missouri Basin,090400,af,48451,02/03/2026,02/04/2026,56979,49007.200000000004,43385.25,30364.199999999997,23567,16643.8,13608.7,32390.71,1.5956619966934746,1.495830131540803,10/1/1990 - 9/30/2020,66147,0.7324746398173765,,,
Shadehill Reservoir (Shadehill Dam),45.7533,-102.2033,SD,Missouri Basin,101303,af,101756,02/03/2026,02/04/2026,124120,109921,101801.25,95032,79343.75,74536,62820,93072.03333333334,1.0707551140668405,1.0933037170850821,10/1/1990 - 9/30/2020,350176,0.29058530567486063,,,
Silver Jack Reservoir (Silver Jack Dam),38.2328,-107.5411,CO,Upper Colorado Basin,140200,af,1637.12,02/03/2026,02/04/2026,9511,8694.8,6836,4668,2961,2499.2,1392,5053.48275862069,0.35071122536418164,0.32395875838445315,10/1/1990 - 9/30/2020,13520,0.1210887573964497,,,
Starvation Reservoir (Starvation Dam),40.19324,-110.44722,UT,Upper Colorado Basin,140600,af,132799,02/02/2026,02/04/2026,158055,151097,145240.75,139609.5,131853,128474.7,111034,138487,0.9512175031068802,0.9589275527666857,10/1/1990 - 9/30/2020,164118,0.8091677939043859,,,
Stateline Reservoir (Stateline Dam),40.98291,-110.39038,UT,Upper Colorado Basin,140401,af,4370.11,02/03/2026,02/04/2026,9529,6880,6379.75,5737.5,3950.75,3765,2793,5496.692307692308,0.761674945533769,0.7950435926501253,10/1/1990 - 9/30/2020,14000,0.3121507142857143,,,
Steinaker Reservoir (Steinaker Dam),40.51456,-109.53275,UT,Upper Colorado Basin,140600,af,11329.8,02/02/2026,02/04/2026,33209,29494.2,24100.25,19168.5,12081.25,8053.9000000000005,-3744,18472.325,0.5910634634947961,0.61333914382732,10/1/1990 - 9/30/2020,40043,0.2829408385985066,,,
Strawberry Reservoir (Soldier Creek Dam),40.16882,-111.1311,UT,Upper Colorado Basin,140600,af,942462,02/02/2026,02/04/2026,994687,974706.2,936112.25,842145.5,776755.5,488984.6,379204,809188.7666666667,1.1191201520402354,1.1646998065511125,10/1/1990 - 9/30/2020,1106500,0.851750564844103,,,
Sumner Lake (Sumner Dam),34.62884,-104.3924,NM,Upper Colorado Basin,130600,af,23346.8,02/03/2026,02/04/2026,62270,42925.3,34902.5,28036.5,22596.75,13358.800000000001,12426,29010.933333333334,0.8327287642894085,0.8047586656984492,10/1/1990 - 9/30/2020,124119,0.18810012971422585,,,
Taylor Park Reservoir (Taylor Park Dam),38.83269,-106.58564,CO,Upper Colorado Basin,140200,af,61166.1,02/03/2026,02/04/2026,78798,75775.8,73912.5,70015,64424,56261.2,40123,67983.1,0.8736142255231022,0.8997250787328026,10/1/1990 - 9/30/2020,106225,0.5758164273946811,,,
Turquoise Lake (Sugar Loaf Dam),39.2528,-106.3742,CO,Upper Colorado Basin,110200,af,75138.7,02/03/2026,02/04/2026,117533,105513.7,91530.75,77968.95,70505.575,65998.69,42483.6,80581.25,0.9637002935142771,0.9324588536415108,10/1/1990 - 9/30/2020,129398,0.5806789904017063,,,
Twin Lakes (Twin Lakes Dam),39.0803,-106.3139,CO,Upper Colorado Basin,110200,af,103061,02/03/2026,02/04/2026,135784,115511.60000000002,110330,105980,98209.875,92416.33,86981.5,105763.33666666667,0.9724570673712021,0.9744492113067159,10/1/1990 - 9/30/2020,141000,0.7309290780141844,,,
Upper Stillwater Reservoir (Upper Stillwater Dam),40.56565,-110.70044,UT,Upper Colorado Basin,140600,af,8033.47,02/02/2026,02/04/2026,24317,16515.600000000002,12136.25,9062,8621.645,1582.6,1016,9405.501,0.8865007724564115,0.8541246234517438,10/1/1990 - 9/30/2020,32009,0.2509753506826205,,,
Vallecito Reservoir (Vallecito Dam),37.38956,-107.55602,CO,Upper Colorado Basin,140801,af,104975,02/03/2026,02/04/2026,97330,84033.6,76289,74147.1,58010.525,45712.600000000006,35512,68681.49,1.4157667663334101,1.5284321874787514,10/1/1990 - 9/30/2020,129700,0.8093677717810331,,,
Waconda Lake (Glen Elder Dam),39.4961,-98.3133,KS,Missouri Basin,102600,af,170500,02/03/2026,02/04/2026,260786,235078.6,218458.25,206056.5,189366.25,161034.30000000002,125703,201479.96666666667,0.8274429586060134,0.846237979987754,10/1/1990 - 9/30/2020,942408,0.18091951681225116,,,
Webster Reservoir (Webster Dam),39.3914,-99.4258,KS,Missouri Basin,102600,af,11496,02/03/2026,02/04/2026,94496,82408.14,75991.77500000001,58654.3,17674,10293.3,4690,49448.206666666665,0.19599586049104667,0.2324856809771733,10/1/1990 - 9/30/2020,259510,0.044298870949096375,,,
Willow Creek Reservoir (MT) (Willow Creek Dam),47.5467,-112.4292,MT,Missouri Basin,100301,af,5498.37,02/03/2026,02/04/2026,31067.4,29627.000000000004,28007.25,27264.7,21881.550000000003,13925.84,5104.64,24243.152000000002,0.20166625710167357,0.22680095393536284,10/1/1990 - 9/30/2020,31848,0.17264412207987942,,,
Whiskeytown Lake (Whiskeytown Dam),40.598,-122.537,CA,California-Great Basin,180201,af,207185,02/03/2026,02/04/2026,221105,210532.6,206013.5,205372.5,204694.75,191428.6,156536,203191.9,1.0088254269680703,1.019651866043873,10/1/1990 - 9/30/2020,241096,0.8593464843879617,,,
Willard Bay Reservoir (Arthur V. Watkins Dam),41.37738,-112.08339,UT,Upper Colorado Basin,160201,af,90864.6,02/03/2026,02/04/2026,190726,183501.20000000004,165654.25,115677,83506.925,73315.3,47142,122223.30454545454,0.7855027360668068,0.7434310530051795,10/1/1990 - 9/30/2020,247302,0.3674236358783997,,,
Willow Creek Reservoir (CO) (Willow Creek Dam),40.1478,-105.942,CO,Upper Colorado Basin,140100,af,7265.46,02/03/2026,02/04/2026,9410.03,8994.483,8646.3375,8335.8,8084.1900000000005,7664.016,6759.54,8311.508666666667,0.871597207226661,0.8741445496096457,10/1/1990 - 9/30/2020,10553,0.6884734198806026,,,
Blue Mesa Reservoir (Blue Mesa Dam),38.46421,-107.22457,CO,Upper Colorado Basin,140200,af,412649,02/03/2026,02/04/2026,636398,581501.5,566882.25,544566.5,515513.5,378222.5,252291,513535.9666666667,0.7577568579778594,0.8035444969482501,10/1/1990 - 9/30/2020,938469,0.4397044548088429,,,
Crystal Reservoir (Crystal Dam),38.50322,-107.61758,CO,Upper Colorado Basin,140200,af,16875.3,02/03/2026,02/04/2026,16987,16154.2,15630.75,14922.5,14170,13234.6,12652,14902.133333333333,1.1308627910872842,1.1324083352719074,10/1/1990 - 9/30/2020,25273,0.667720492224904,,,
Flaming Gorge Reservoir (Flaming Gorge Dam),40.97789,-109.57304,UT,Upper Colorado Basin,140401,af,2993740,02/03/2026,02/04/2026,3337830,3278004,3230787.5,3108805,2981900,2811926,2600600,3078626.6666666665,0.9629873858283167,0.9724270995292273,10/1/1990 - 9/30/2020,3791700,0.7895508610913311,,,
Fontenelle Reservoir (Fontenelle Dam),42.05781,-110.09665,WY,Upper Colorado Basin,140401,af,167012,02/03/2026,02/04/2026,230709,182179.8,172999.25,160900,149023.25,139431.9,117062,161738.96666666667,1.037986326911125,1.032602120824728,10/1/1990 - 9/30/2020,334459,0.49934969607635016,,,
Trinity Lake (Trinity Dam),40.801,-122.762,CA,California-Great Basin,180102,af,2047630,02/03/2026,02/04/2026,2084120,1977342,1938647.5,1730970,1225962.5,870518.6000000001,547579,1568009,1.1829378903158345,1.3058789841129739,10/1/1990 - 9/30/2020,2447650,0.8365697710048414,,,
New Melones Lake (New Melones Dam),37.9481,-120.525,CA,California-Great Basin,180400,af,1782730,02/03/2026,02/04/2026,2225230,1976255,1945035,1534195,1038400,398593.6,268182,1396289.0666666667,1.161997008202999,1.276762844140774,10/1/1990 - 9/30/2020,2400000,0.7428041666666667,,,
Abiquiu Reservoir (Abiquiu Dam),36.2379151930001,-106.4266263279999,NM,Upper Colorado Basin,130201,,,,02/04/2026,,,,,,,,,,,10/1/1990 - 9/30/2020,1662770,,,,
Utah Lake,40.20998,-111.79994,UT,Upper Colorado Basin,160202,,,,02/04/2026,,,,,,,,,,,10/1/1990 - 9/30/2020,,,,,
Washington Lake (Washington Lake Dam),40.6765,-110.964,UT,Upper Colorado Basin,160202,af,1517,02/02/2026,02/04/2026,2267.08,1722.8000000000002,1609,1265.4,644.2,433.68,325.5,1210.3282352941176,1.198830409356725,1.2533790055978982,10/1/1990 - 9/30/2020,3055,0.49656301145662846,,,
Trial Lake (Trial Lake Dam),40.6799,-110.956839,UT,Upper Colorado Basin,160202,af,414.6,02/02/2026,02/04/2026,1315.8,1291.56,920,687,545.8,487.72,268,762.6529411764706,0.6034934497816594,0.543628664645857,10/1/1990 - 9/30/2020,1928,0.21504149377593362,,,
Lost Lake (Lost Lake Dam),40.6741,-110.9413,UT,Upper Colorado Basin,160202,af,630.68,02/02/2026,02/04/2026,1072.36,655.64,567.95,509.46,463.08,393.572,280.9,536.5645882352941,1.2379382090841282,1.175403695712089,10/1/1990 - 9/30/2020,1155,0.54604329004329,,,
Nambe Falls Reservoir (Nambe Falls Dam),35.97499,-105.91753,NM,Upper Colorado Basin,130201,af,1545.34,02/03/2026,02/04/2026,1961.4,1901,1869.9499999999998,1669,1539.4625,1076.3500000000001,573.8,1604.7846666666667,0.9259077291791491,0.962957854781763,10/1/1990 - 9/30/2020,1729,0.8937767495662232,,,
Platoro Reservoir (Platoro Dam),37.3406,-106.564,CO,Upper Colorado Basin,130100,af,23579,02/03/2026,02/04/2026,23151.6,21906.66,20039.25,18660.65,17630.475,16390.23,15563.4,19009.075,1.2635679893251306,1.2404075421870868,10/1/1990 - 9/30/2020,59571,0.39581339913716407,,,
Lake Mohave (Davis Dam),35.1979,-114.5694,AZ,Lower Colorado Basin,150301,af,1718000,02/03/2026,02/04/2026,1741990,1707061,1681197.5,1665730,1651637.5,1640630,1621000,1670237.6666666667,1.0313796353550695,1.0285961299320077,10/1/1990 - 9/30/2020,1887167,0.9103592845784183,,,
Lake Mead (Hoover Dam),36.0163,-114.7374,NV,Lower Colorado Basin,150100,af,8857330,02/03/2026,02/04/2026,25050700,22766920,20587375,15250400,11784325,10644260,10342700,16483010,0.5807932906677857,0.5373611979850768,10/1/1990 - 9/30/2020,30167000,0.2936099048629297,,,
Lake Havasu (Parker Dam),34.2964,-114.1385,AZ,Lower Colorado Basin,150301,af,499551,02/03/2026,02/04/2026,591058,574269.7,569557.75,556700,547569.5,533966.6,510100,556869.5666666667,0.8973432728579127,0.8970700320188684,10/1/1990 - 9/30/2020,590262,0.84632078636266606,,,
Lake Altus (Altus Dam),34.8865,-99.2958,OK,Arkansas-Rio Grande-Texas Gulf,111203,,,,02/04/2026,,,,,,,,,,,10/1/1990 - 9/30/2020,147925,,,,
Anderson Ranch Reservoir (Anderson Ranch Dam),43.3595096,-115.4501724,ID,Columbia-Pacific Northwest,170501,,,,02/04/2026,,,,,,,,,,,10/1/1990 - 9/30/2020,474942,,,,
Arrowrock Reservoir (Arrowrock Dam),43.5952,-115.923,ID,Columbia-Pacific Northwest,170501,,,,02/04/2026,,,,,,,,,,,10/1/1990 - 9/30/2020,272224,,,,
Beulah Reservoir (Agency Valley Dam),43.9117446,-118.154354,OR,Columbia-Pacific Northwest,170501,,,,02/04/2026,,,,,,,,,,,10/1/1990 - 9/30/2020,59212,,,,
Lake Cascade (Cascade Dam),44.524997,-116.050279,ID,Columbia-Pacific Northwest,170501,,,,02/04/2026,,,,,,,,,,,10/1/1990 - 9/30/2020,693000,,,,
Bully Creek Reservoir (Bully Creek Dam),44.0147313,-117.396898,OR,Columbia-Pacific Northwest,170501,,,,02/04/2026,,,,,,,,,,,10/1/1990 - 9/30/2020,31600,,,,
Bumping Lake (Bumping Lake Dam),46.8712,-121.29936,WA,Columbia-Pacific Northwest,170300,,,,02/04/2026,,,,,,,,,,,10/1/1990 - 9/30/2020,35400,,,,
Deadwood Reservoir (Deadwood Dam),44.2932322,-115.6459458,ID,Columbia-Pacific Northwest,170501,,,,02/04/2026,,,,,,,,,,,10/1/1990 - 9/30/2020,162000,,,,
Harry Strunk Lake (Medicine Creek Dam),40.3789,-100.2178,NE,Missouri Basin,102500,,,,02/04/2026,,,,,,,,,,,10/1/1990 - 9/30/2020,87361,,,,
Henry Hagg Lake (Scoggins Dam),45.4724,-123.19965,OR,Columbia-Pacific Northwest,170900,,,,02/04/2026,,,,,,,,,,,10/1/1990 - 9/30/2020,62216,,,,
Hugh Butler Lake (Red Willow Dam),40.3575,-100.6672,NE,Missouri Basin,102500,,,,02/04/2026,,,,,,,,,,,10/1/1990 - 9/30/2020,85070,,,,
Lake Como (Como Dam),46.0617,-114.2333,MT,Columbia-Pacific Northwest,170102,,,,02/04/2026,,,,,,,,,,,10/1/1990 - 9/30/2020,45326,,,,
Enders Reservoir (Enders Dam),40.4217,-101.5181,NE,Missouri Basin,102500,,,,02/04/2026,,,,,,,,,,,10/1/1990 - 9/30/2020,72958,,,,
Fort Cobb Reservoir (Fort Cobb Dam),35.1611,-98.4549,OK,Arkansas-Rio Grande-Texas Gulf,111303,,,,02/04/2026,,,,,,,,,,,10/1/1990 - 9/30/2020,133451,,,,
Foss Reservoir (Foss Dam),35.5472,-99.1837,OK,Arkansas-Rio Grande-Texas Gulf,111303,,,,02/04/2026,,,,,,,,,,,10/1/1990 - 9/30/2020,349303,,,,
Franklin D. Roosevelt Lake (Grand Coulee Dam),47.9566,-118.9805,WA,Columbia-Pacific Northwest,170200,,,,02/04/2026,,,,,,,,,,,10/1/1990 - 9/30/2020,9715346,,,,
Mann Creek Reservoir (Mann Creek Dam),44.392349,-116.895389,ID,Columbia-Pacific Northwest,170501,,,,02/04/2026,,,,,,,,,,,10/1/1990 - 9/30/2020,12536,,,,
McKay Reservoir (McKay Dam),45.605406,-118.7957668,OR,Columbia-Pacific Northwest,170701,,,,02/04/2026,,,,,,,,,,,10/1/1990 - 9/30/2020,71534,,,,
Ochoco Reservoir (Ochoco Dam),44.29903,-120.72506,OR,Columbia-Pacific Northwest,170703,,,,02/04/2026,,,,,,,,,,,10/1/1990 - 9/30/2020,44248,,,,
Prineville Reservoir (Arthur R. Bowman Dam),44.11125,-120.78738,OR,Columbia-Pacific Northwest,170703,,,,02/04/2026,,,,,,,,,,,10/1/1990 - 9/30/2020,150216,,,,
Swanson Lake (Trenton Dam),40.1614,-101.0631,NE,Missouri Basin,102500,,,,02/04/2026,,,,,,,,,,,10/1/1990 - 9/30/2020,244362,,,,
Thief Valley Reservoir (Thief Valley Dam),45.012996,-117.7810764,OR,Columbia-Pacific Northwest,170502,,,,02/04/2026,,,,,,,,,,,10/1/1990 - 9/30/2020,13307,,,,
Tom Steed Reservoir (Mountain Park Dam),34.7386,-98.9875,OK,Arkansas-Rio Grande-Texas Gulf,111203,af,78034,02/03/2026,02/04/2026,98216,97092.5,90534,76672.05,64296.7,47195.060000000005,21857,74078.74333333333,1.0177633179235457,1.053392599397497,10/1/1990 - 9/30/2020,119051,0.6554669847376334,,,
Unity Reservoir (Unity Dam),44.5042,-118.1806,OR,Columbia-Pacific Northwest,170502,,,,02/04/2026,,,,,,,,,,,10/1/1990 - 9/30/2020,25500,,,,
Warm Springs Reservoir (Warm Springs Dam),43.58505,-118.2092857,OR,Columbia-Pacific Northwest,170501,,,,02/04/2026,,,,,,,,,,,10/1/1990 - 9/30/2020,169714,,,,
Lake Thunderbird (Norman Dam),35.2211,-97.2192,OK,Arkansas-Rio Grande-Texas Gulf,110902,,,,02/04/2026,,,,,,,,,,,10/1/1990 - 9/30/2020,172718,,,,
Crawford Reservoir (Crawford Dam),38.68294,-107.60285,CO,Upper Colorado Basin,140200,af,2408.94,02/03/2026,02/04/2026,10136,7792.4,6661,5714,3963.5,1940.0000000000005,1192,5333.733333333334,0.42158557927896395,0.45164237682173836,10/1/1990 - 9/30/2020,14395,0.16734560611323376,,,
Clear Lake Reservoir (Clear Lake Dam),41.9257,-121.0757,CA,California-Great Basin,180102,,,,02/04/2026,,,,,,,,,,,10/1/1990 - 9/30/2020,507252,,,,
Lahontan Reservoir (Lahontan Dam),39.4622,-119.0667,NV,California-Great Basin,160502,,,,02/04/2026,,,,,,,,,,,10/1/1990 - 9/30/2020,319800,,,,
#NAME?,48.0022280750001,-106.417987085,MT,Missouri Basin,100401,,,,02/04/2026,,,,,,,,,,,10/1/1990 - 9/30/2020,18463000,,,,
Agate Reservoir (Agate Dam),42.415,-122.77222,OR,Columbia-Pacific Northwest,171003,,,,02/04/2026,,,,,,,,,,,10/1/1990 - 9/30/2020,4780,,,,
American Falls Reservoir (American Falls Dam),42.77916,-112.87917,ID,Columbia-Pacific Northwest,170402,,,,02/04/2026,,,,,,,,,,,10/1/1990 - 9/30/2020,1672590,,,,
Billy Clapp Lake (Pinto Dam),47.44805556,-119.2544444,WA,Columbia-Pacific Northwest,170200,,,,02/04/2026,,,,,,,,,,,10/1/1990 - 9/30/2020,64200,,,,
Conconully Lake (Salmon Lake Dam),48.5585374,-119.745,WA,Columbia-Pacific Northwest,170200,,,,02/04/2026,,,,,,,,,,,10/1/1990 - 9/30/2020,15700,,,,
Cle Elum Lake (Cle Elum Dam),47.24555556,-121.0733333,WA,Columbia-Pacific Northwest,170300,,,,02/04/2026,,,,,,,,,,,10/1/1990 - 9/30/2020,705500,,,,
Cold Springs Reservoir (Cold Springs Dam),45.86,-119.17083,OR,Columbia-Pacific Northwest,170701,,,,02/04/2026,,,,,,,,,,,10/1/1990 - 9/30/2020,39260,,,,
Crane Prairie Reservoir (Crane Prairie Dam),43.75513542,-121.7850123,OR,Columbia-Pacific Northwest,170703,,,,02/04/2026,,,,,,,,,,,10/1/1990 - 9/30/2020,59724,,,,
Crescent Lake (Crescent Lake Dam),43.501664,-121.973481,OR,California-Great Basin,170703,,,,02/04/2026,,,,,,,,,,,10/1/1990 - 9/30/2020,,,,,
Emigrant Reservoir (Emigrant Dam),42.16129526000001,-122.6053697,OR,Columbia-Pacific Northwest,171003,,,,02/04/2026,,,,,,,,,,,10/1/1990 - 9/30/2020,40500,,,,
Black Canyon Reservoir (Black Canyon Diversion Dam),43.93049931,-116.4371049,ID,Columbia-Pacific Northwest,170501,,,,02/04/2026,,,,,,,,,,,10/1/1990 - 9/30/2020,29822,,,,
Fish Lake (Fish Lake Dam),42.37813811,-122.3479876,OR,Columbia-Pacific Northwest,171003,,,,02/04/2026,,,,,,,,,,,10/1/1990 - 9/30/2020,7836,,,,
Fourmile Lake (Fourmile Lake Dam),42.45592034000001,-122.2434008,OR,California-Great Basin,180102,,,,02/04/2026,,,,,,,,,,,10/1/1990 - 9/30/2020,15600,,,,
Grassy Lake (Grassy Lake Dam),44.12965909,-110.8193888,WY,Upper Colorado Basin,170402,,,,02/04/2026,,,,,,,,,,,10/1/1990 - 9/30/2020,15452,,,,
Haystack Reservoir (Haystack Dam),44.49943634,-121.1544407,OR,Columbia-Pacific Northwest,170703,,,,02/04/2026,,,,,,,,,,,10/1/1990 - 9/30/2020,5650,,,,
Hungry Horse Reservoir (Hungry Horse Dam),48.34222222,-114.0188889,MT,Columbia-Pacific Northwest,170102,,,,02/04/2026,,,,,,,,,,,10/1/1990 - 9/30/2020,3467179,,,,
Howard Prairie Reservoir (Howard Prairie Dam),42.21663259000001,-122.3775311,OR,Columbia-Pacific Northwest,180102,,,,02/04/2026,,,,,,,,,,,10/1/1990 - 9/30/2020,62100,,,,
Hyatt Reservoir (Hyatt Dam),42.17222,-122.46667,OR,Columbia-Pacific Northwest,180102,,,,02/04/2026,,,,,,,,,,,10/1/1990 - 9/30/2020,16200,,,,
Island Park Reservoir (Island Park Dam),44.41893154,-111.3984276,ID,Columbia-Pacific Northwest,170402,,,,02/04/2026,,,,,,,,,,,10/1/1990 - 9/30/2020,135585,,,,
Jackson Lake (Jackson Lake Dam),43.8575325,-110.5897446,WY,Upper Colorado Basin,170401,,,,02/04/2026,,,,,,,,,,,10/1/1990 - 9/30/2020,847000,,,,
Kachess Lake (Kachess Dam),47.26472222,-121.2044444,WA,Columbia-Pacific Northwest,170300,,,,02/04/2026,,,,,,,,,,,10/1/1990 - 9/30/2020,239000,,,,
Keechelus Lake (Keechelus Dam),47.32222222,-121.3388889,WA,Columbia-Pacific Northwest,170300,,,,02/04/2026,,,,,,,,,,,10/1/1990 - 9/30/2020,158000,,,,
Lake Lowell (Deer Flat Dam),43.58333,-116.73333,ID,Columbia-Pacific Northwest,170501,,,,02/04/2026,,,,,,,,,,,10/1/1990 - 9/30/2020,173043,,,,
Lucky Peak Reservoir (Lucky Peak Dam),43.527969,-116.0537,ID,Columbia-Pacific Northwest,170501,,,,02/04/2026,,,,,,,,,,,10/1/1990 - 9/30/2020,307043,,,,
Lake Walcott (Minidoka Dam),42.669915,-113.482993,ID,Columbia-Pacific Northwest,170402,,,,02/04/2026,,,,,,,,,,,10/1/1990 - 9/30/2020,210200,,,,
Lake Owyhee (Owyhee Dam),43.64156,-117.24305,OR,Columbia-Pacific Northwest,170501,,,,02/04/2026,,,,,,,,,,,10/1/1990 - 9/30/2020,1120000,,,,
Palisades Reservoir (Palisades Dam),43.330518,-111.206346,ID,Columbia-Pacific Northwest,170401,,,,02/04/2026,,,,,,,,,,,10/1/1990 - 9/30/2020,1402000,,,,
Mason Reservoir (Mason Dam),44.67167,-118.00000000000001,OR,Columbia-Pacific Northwest,170502,,,,02/04/2026,,,,,,,,,,,10/1/1990 - 9/30/2020,95500,,,,
Rimrock Lake (Tieton Dam),46.6566042,-121.1289276,WA,Columbia-Pacific Northwest,170300,,,,02/04/2026,,,,,,,,,,,10/1/1990 - 9/30/2020,198000,,,,
Ririe Reservoir (Ririe Dam),43.5821394,-111.7428411,ID,Columbia-Pacific Northwest,170402,,,,02/04/2026,,,,,,,,,,,10/1/1990 - 9/30/2020,100500,,,,
Mann Lake (Reservoir A Dam),46.37111,-116.8575,ID,Columbia-Pacific Northwest,170603,,,,02/04/2026,,,,,,,,,,,10/1/1990 - 9/30/2020,2440,,,,
Soldiers Meadow Reservoir (Soldiers Meadow Dam),46.16722,-116.73666,ID,Columbia-Pacific Northwest,170603,,,,02/04/2026,,,,,,,,,,,10/1/1990 - 9/30/2020,2370,,,,
Clear Lake (OR) (Wasco Dam),45.17638889,-121.6944444,OR,Columbia-Pacific Northwest,170703,,,,02/04/2026,,,,,,,,,,,10/1/1990 - 9/30/2020,13066,,,,
Wickiup Reservoir (Wickiup Dam),43.683822,-121.689761,OR,Columbia-Pacific Northwest,170703,,,,02/04/2026,,,,,,,,,,,10/1/1990 - 9/30/2020,200000,,,,
Little Wood River Reservoir (Little Wood River Dam),43.42528,-114.02723,ID,Columbia-Pacific Northwest,170402,,,,02/04/2026,,,,,,,,,,,10/1/1990 - 9/30/2020,30000,,,,
Banks Lake (Dry Falls Dam),47.61712097,-119.2993212,WA,Columbia-Pacific Northwest,170200,,,,02/04/2026,,,,,,,,,,,10/1/1990 - 9/30/2020,1275000,,,,
Potholes Reservoir (O'Sullivan Dam),46.9831158,-119.2755127,WA,Columbia-Pacific Northwest,170200,,,,02/04/2026,,,,,,,,,,,10/1/1990 - 9/30/2020,511700,,,,
Scooteney Reservoir (Scooteney Dikes),46.66926397,-119.0326407,WA,Columbia-Pacific Northwest,170200,,,,02/04/2026,,,,,,,,,,,10/1/1990 - 9/30/2020,15250,,,,
Boca Reservoir (Boca Dam),39.3901,-120.0955,CA,California-Great Basin,160501,,,,02/04/2026,,,,,,,,,,,10/1/1990 - 9/30/2020,41110,,,,
Cheney Reservoir (Cheney Dam),37.723,-97.802,KS,Missouri Basin,110300,,,,02/04/2026,,,,,,,,,,,10/1/1990 - 9/30/2020,262736,,,,
Conconully Reservoir (Conconully Dam),48.5381,-119.7523,WA,Columbia-Pacific Northwest,170200,,,,02/04/2026,,,,,,,,,,,10/1/1990 - 9/30/2020,13000,,,,
Gerber Reservoir (Gerber Dam),42.2012,-121.13,OR,California-Great Basin,180102,,,,02/04/2026,,,,,,,,,,,10/1/1990 - 9/30/2020,94300,,,,
Helena Valley Reservoir (Helena Valley Dam),46.6413,-111.8828,MT,Missouri Basin,100301,,,,02/04/2026,,,,,,,,,,,10/1/1990 - 9/30/2020,10451,,,,
Kortes Reservoir (Kortes Dam),42.1742,-106.8808,WY,Upper Colorado Basin,101800,,,,02/04/2026,,,,,,,,,,,10/1/1990 - 9/30/2020,4739,,,,
Lake Meredith (Sanford Dam),35.7142,-101.5525,TX,Arkansas-Rio Grande-Texas Gulf,110901,,,,02/04/2026,,,,,,,,,,,10/1/1990 - 9/30/2020,1358594,,,,
Lake Of The Arbuckles (Arbuckle Dam),34.4331,-97.0278,OK,Arkansas-Rio Grande-Texas Gulf,111303,,,,02/04/2026,,,,,,,,,,,10/1/1990 - 9/30/2020,108596,,,,
Prosser Creek Reservoir (Prosser Creek Dam),39.3789,-120.1386,CA,California-Great Basin,160501,,,,02/04/2026,,,,,,,,,,,10/1/1990 - 9/30/2020,29840,,,,
Rifle Gap Reservoir (Rifle Gap Dam),39.6279,-107.7595,CO,Upper Colorado Basin,140100,,,,02/04/2026,,,,,,,,,,,10/1/1990 - 9/30/2020,13602,,,,
Stampede Reservoir (Stampede Dam),39.4751,-120.1039,CA,California-Great Basin,160501,,,,02/04/2026,,,,,,,,,,,10/1/1990 - 9/30/2020,226500,,,,
Lake Tahoe Reservoir (Lake Tahoe Dam),39.1671,-120.144,CA,California-Great Basin,160501,,,,02/04/2026,,,,,,,,,,,10/1/1990 - 9/30/2020,744000,,,,
Twin Buttes Reservoir (Twin Buttes Dam),31.3656,-100.5284,TX,Arkansas-Rio Grande-Texas Gulf,120901,,,,02/04/2026,,,,,,,,,,,10/1/1990 - 9/30/2020,641234,,,,
Upper Klamath Lake (Link River Diversion Dam),42.2339,-121.8019,OR,California-Great Basin,180102,,,,02/04/2026,,,,,,,,,,,10/1/1990 - 9/30/2020,735000,,,,
Vega Reservoir (Vega Dam),39.2243,-107.8108,CO,Upper Colorado Basin,140100,,,,02/04/2026,,,,,,,,,,,10/1/1990 - 9/30/2020,33800,,,,
