location_id,month,day,min,max,p10,p25,p50,p75,p90,mean,count,unit
267,1,1,0,3000,0,1312.5,1873.5,2376.5,2604,1600.5666666666666,30,af
267,1,2,0,3049,0,1312.5,1873.5,2376.5,2606.5000000000005,1621.9333333333334,30,af
267,1,3,0,3074,0,1357.5,1873.5,2401.75,2654.7000000000003,1633.1,30,af
267,1,4,0,3091,0,1425,1907.5,2411.5,2657.2000000000003,1646.5,30,af
267,1,5,0,3124,0,1425,1907.5,2425.25,2659.6000000000004,1665.6,30,af
267,1,6,0,3198,0,1487.5,1907.5,2443.25,2667.0000000000005,1688.9,30,af
267,1,7,0,3929,0,1442.5,1942,2459.75,2741.4000000000005,1729.3,30,af
267,1,8,0,4628,0,1455,1959.5,2472.5,2743.1000000000004,1765.5666666666666,30,af
267,1,9,0,4966,0,1505,1977,2495.75,2744.7000000000007,1792.0666666666666,30,af
267,1,10,0,5035,0,1505,1977,2511,2748.8000000000006,1808.8666666666666,30,af
267,1,11,0,5054,0,1516.5,2011.5,2532.25,2811.8,1824.5333333333335,30,af
267,1,12,0,5054,0,1569,2011.5,2544.25,2815.9,1837.4666666666665,30,af
267,1,13,0,5045,0,1575,2011.5,2551,2814.3,1842.3333333333335,30,af
267,1,14,0,5064,0,1585.5,2081.5,2551,2815.9,1857.2666666666669,30,af
267,1,15,0,5074,0,1638,2116.5,2622,2817.6000000000004,1877.2666666666667,30,af
267,1,16,0,5064,0,1645,2116.5,2622,2818.4,1892.1666666666665,30,af
267,1,17,0,5054,0,1645,2116.5,2622,2820.1000000000004,1900.7333333333331,30,af
267,1,18,0,5064,0,1654.75,2152,2622,2893.7000000000003,1917.7333333333331,30,af
267,1,19,0,5054,0,1715,2152,2696,2894.5000000000005,1930.7666666666669,30,af
267,1,20,0,5054,0,1715,2192,2700.5,2967.4000000000005,1945.1,30,af
267,1,21,0,5064,0,1724.25,2192,2700.5,2969.0000000000005,1956.0333333333333,30,af
267,1,22,0,5054,0,1724.25,2227.5,2700.5,2970.7000000000003,1987.9,30,af
267,1,23,0,5054,0,1776.75,2239.5,2753,3043.5000000000005,2024.6,30,af
267,1,24,0,5045,0,1382.5,2239.5,2753,3045.2000000000003,2005.0666666666666,30,af
267,1,25,0,5054,0,1382.5,2239.5,2753,3118.8,2014.1666666666665,30,af
267,1,26,0,5064,0,1846.25,2262.5,2793.5,3120.5,2048.9333333333334,30,af
267,1,27,0,5074,0,1863.5,2311,2818.5,3120.5,2071.9666666666667,30,af
267,1,28,0,4986,0,1872.5,2311,2831.25,3193.3,2077.666666666667,30,af
267,1,29,0,4868,16.200000000000006,1942.5,2311,2831.25,3195.8,2108.733333333333,30,af
267,1,30,0,4849,2.700000000000001,1942.5,2347,2831.25,3196.7000000000003,2140.3,30,af
267,1,31,0,4830,13.500000000000005,1962.5,2347,2831.25,3197.5,2167.266666666667,30,af
267,2,1,0,4810,16.200000000000006,2161.25,2347,2862.25,3270.3,2214.5666666666666,30,af
267,2,2,0,4830,18.900000000000006,2180,2383.5,2862.25,3272.8,2224.4,30,af
267,2,3,0,4830,22.500000000000007,2180,2420,2874.25,3326.6000000000004,2242.0666666666666,30,af
267,2,4,0,4830,4.500000000000002,2180,2420,2900.25,3341,2252.266666666667,30,af
267,2,5,0,4810,4.500000000000002,2180,2455,2906.25,3341,2264.9333333333334,30,af
267,2,6,0,4781,4.500000000000002,2197.5,2473.5,2906.25,3241,2278.5666666666666,30,af
267,2,7,0,4791,9.000000000000004,2197.5,2515.5,2944.5,3244.4,2298.133333333333,30,af
267,2,8,0,4791,13.500000000000005,2197.5,2531,2944.5,3395.7000000000003,2317.733333333333,30,af
267,2,9,0,4762,16.200000000000006,2197.5,2568,2962.25,3402.9,2331.733333333333,30,af
267,2,10,0,4791,75.60000000000002,2217.5,2568,2948,3426.2000000000003,2352.8,30,af
267,2,11,0,4772,62.10000000000002,2217.5,2568,2999,3433.4,2361.1,30,af
267,2,12,0,4781,50.40000000000002,2105,2568,3026.5,3457.7000000000007,2375.5,30,af
267,2,13,0,4781,40.500000000000014,2105,2606,3053.75,3473,2383.9666666666667,30,af
267,2,14,0,4781,32.40000000000001,2105,2641,3094.75,3481.1000000000004,2396.9666666666667,30,af
267,2,15,0,4772,62.10000000000002,2105,2642,3097,3499.3,2424.733333333333,30,af
267,2,16,0,4772,291.90000000000003,2085,2642,3151.5,3678.5,2448,30,af
267,2,17,0,4714,517.9000000000001,2030,2642,3155.5,3699.6000000000004,2475.366666666667,30,af
267,2,18,0,4590,766.1000000000001,2047.5,2642,3155.5,3714.9,2489.5666666666666,30,af
267,2,19,0,4524,980.2000000000002,2085,2670,3157.75,3723,2516.766666666667,30,af
267,2,20,0,4496,1035.1000000000001,2085,2708,3081,3723,2505.9666666666667,30,af
267,2,21,0,4458,1062.1000000000001,1857.5,2718,3093,3723.9000000000005,2514.866666666667,30,af
267,2,22,0,4477,1129,1805,2718,3093,3740.1000000000004,2525.266666666667,30,af
267,2,23,0,4477,1117.9,1962.5,2718,3087,3740.1000000000004,2530.6,30,af
267,2,24,0,4458,1107.1000000000001,2172.5,2718,3112.75,3732,2545,30,af
267,2,25,0,4449,1170.1000000000001,2287.5,2718,3112.75,3748.2000000000007,2568.0333333333333,30,af
267,2,26,0,4440,1165.0000000000002,2347.5,2718,3112.75,3748.2000000000007,2588.6666666666665,30,af
267,2,27,0,4430,1087.6000000000001,2420,2748.5,3112.75,3755.4000000000005,2605,30,af
267,2,28,0,4421,1087.6000000000001,2420,2748.5,3125.5,3772.5000000000005,2631.0333333333333,30,af
267,2,29,1140,4282,2078,2658.5,2786.5,3148.5,3905.3999999999996,2860.875,8,af
267,3,1,324,4376,1182.4,2480,2794,3120.5,3787.8000000000006,2675.8,30,af
267,3,2,324,4376,1483.3000000000002,2480,2794,3126.5,3795.9000000000005,2713.2,30,af
267,3,3,214,4376,1483.3000000000002,2580.5,2794,3125.5,3868.8000000000006,2753.233333333333,30,af
267,3,4,73,4367,1489.6000000000001,2580.5,2832.5,3209,3782.4,2740.4,30,af
267,3,5,73,4331,1425.4,2580.5,2794,3263.75,3783.2000000000003,2740.133333333333,30,af
267,3,6,73,4295,1442.5,2560,2832.5,3278.75,3792.2,2743.2,30,af
267,3,7,73,4376,1451.8,2483.5,2871,3278.75,3803.0000000000005,2729.7,30,af
267,3,8,73,4421,1438.7,2273,2871,3293.75,3812.9,2714.5,30,af
267,3,9,73,4394,1455.8,2142.5,2871,3301.25,3823.7000000000003,2700.166666666667,30,af
267,3,10,73,4376,1461.8,2037.5,2871,3308.75,3825.5,2691.7,30,af
267,3,11,73,4385,1447.3,1932.5,2871,3325,3828.1000000000004,2680.5,30,af
267,3,12,73,4421,1495.1,1842.5,2871,3317.5,3839.9000000000005,2672.3,30,af
267,3,13,73,4439,1333.1,1785,2871,3325,3821.9,2660,30,af
267,3,14,73,4439,1203.7,2017.5,2871,3327,3686.2000000000003,2671.3,30,af
267,3,15,73,4458,1149.7,2017.5,2909.5,3334.5,3670.1000000000004,2679.833333333333,30,af
267,3,16,73,4533,1141.3,2017.5,2987.5,3201.5,3677.3,2674.5333333333338,30,af
267,3,17,73,4600,1203.1,2017.5,2948,3261.75,3696.1000000000004,2667.366666666667,30,af
267,3,18,73,4638,1135.3,2002.25,2948,3263.75,3641.2000000000003,2661.233333333333,30,af
267,3,19,73,4600,1129.8000000000002,1969.75,2909.5,3167.5,3588.1000000000004,2623.866666666667,30,af
267,3,20,73,4543,1252.9,1786.75,2909.5,3284,3487.3,2624.733333333333,30,af
267,3,21,563,4430,1198,1694,2848.5,3119.5,3470.2000000000003,2557.666666666667,30,af
267,3,22,563,4319,1131.6000000000001,1656.75,2804,3169.75,3470.2000000000003,2508.4,30,af
267,3,23,619,4218,1013.4000000000001,1477.75,2768.5,3138.25,3468.4000000000005,2424.9666666666667,30,af
267,3,24,619,4154,1024.5,1528.75,2466.5,3106,3438.1,2327.233333333333,30,af
267,3,25,619,4054,1084,1471.25,2139,2928.5,3273.4000000000005,2198.2,30,af
267,3,26,675,3938,1078.5,1418.25,1925,2768.25,3193.1,2063.1666666666665,30,af
267,3,27,760,3858,1024.5,1309.25,1753,2520.25,3180.5,1942.3,30,af
267,3,28,864,3761,1078.5,1163,1497.5,2159.75,3159.8,1820.5666666666666,30,af
267,3,29,811,3562,977.7,1135,1513,1930.5,3174.2,1728.9,30,af
267,3,30,324,3340,864,1090.25,1416.5,1802.75,3185.5,1630.5333333333335,30,af
267,3,31,509,3266,859.5000000000001,1045,1271.5,1809.5,3185,1613.4333333333334,30,af
267,4,1,509,3266,914.8000000000001,1045,1218.5,1818,3185,1603,30,af
267,4,2,563,3266,919,1027,1248.5,1837,3185,1582.2,30,af
267,4,3,563,3848,911.9000000000001,1027,1269.5,1853,3188,1581.0666666666666,30,af
267,4,4,848,3921,902.7,1045,1315.5,1789.25,3188,1593.3666666666666,30,af
267,4,5,811,4197,907,1086,1271,1789.5,3188.8,1589.5666666666666,30,af
267,4,6,760,4021,1008.2,1087,1288,1853.25,2977.2000000000003,1576.3333333333335,30,af
267,4,7,732,3720,999.4000000000001,1090,1328,1799.5,2435.500000000001,1540,30,af
267,4,8,619,3720,955.8,1030,1325,1756.75,2323.9000000000015,1519.8333333333335,30,af
267,4,9,619,3720,862.4000000000001,1030,1209,1608.5,2229.4000000000015,1467,30,af
267,4,10,848,3720,902.7,975,1148.5,1535,2318.4000000000015,1474.5333333333333,30,af
267,4,11,790,3763,955.8,1030,1205.5,1535,2140.5,1421.7333333333331,30,af
267,4,12,732,3763,968.2,1015.5,1205.5,1557.5,2216.3,1422.9333333333334,30,af
267,4,13,675,3763,902.7,1032.25,1235.5,1450.75,2230.6000000000004,1413.0333333333333,30,af
267,4,14,732,3763,868.5,1027,1239.5,1422.5,2264.2000000000007,1413.5,30,af
267,4,15,704,3763,911.9000000000001,1030,1209,1409,2252.2000000000007,1401.4666666666667,30,af
267,4,16,704,3763,871.4000000000001,987.75,1210,1396.25,2185.2000000000007,1379.4666666666667,30,af
267,4,17,780,3763,905.6,1027,1209.5,1470,1910.2000000000003,1376.5666666666666,30,af
267,4,18,780,3763,954.2,1027,1148.5,1460.75,1860.9,1336.3,30,af
267,4,19,790,3763,968.2,1045,1206,1454,1756.5000000000005,1338.1,30,af
267,4,20,790,3763,1029.6,1090,1206,1353.25,1775.0000000000002,1330.7666666666667,30,af
267,4,21,819,3763,975,1087,1224,1383.25,1784.9000000000003,1345.2,30,af
267,4,22,848,3763,966,1026,1235.5,1450.75,1948.7000000000003,1363.1666666666665,30,af
267,4,23,907,3763,975,1087,1280,1488.25,1957.9000000000005,1432.9666666666667,30,af
267,4,24,907,3763,1026,1147,1326.5,1459.5,1986.3000000000006,1487.7666666666667,30,af
267,4,25,790,3763,966,1164.75,1328,1573.75,2138.4000000000005,1520.8,30,af
267,4,26,790,3763,1020.9,1147.75,1340,1582.5,2224.4,1548.3666666666666,30,af
267,4,27,848,3544,1029.6,1164.75,1306.5,1663.5,2193.3,1546,30,af
267,4,28,907,3587,1029.6,1150,1306.5,1692.75,2294.3,1524.9,30,af
267,4,29,907,4440,1087.6,1150,1302,1717,2226,1548,30,af
267,4,30,966,4937,1062.4,1150,1302,1687.5,2202.9,1546.7333333333331,30,af
267,5,1,919,4956,1042.5,1164.75,1285.5,1804.75,2079.7000000000007,1574.8666666666666,30,af
267,5,2,864,4966,1018.9,1104.25,1275.5,1747.5,2007.6000000000008,1551.9333333333334,30,af
267,5,3,864,4966,961.3,1081.5,1266.5,1639.5,1935.700000000001,1508.5333333333335,30,af
267,5,4,864,4976,961.3,1030,1302,1615.5,1973.6000000000006,1505.4333333333334,30,af
267,5,5,811,4966,917.8000000000001,1090,1333,1627,1989.5000000000007,1519.2666666666669,30,af
267,5,6,760,4966,917.8000000000001,1105,1365,1630,1945.3,1517.2666666666669,30,af
267,5,7,760,4966,917.8000000000001,1105,1365,1571.25,2039.2,1501.3,30,af
267,5,8,864,4946,960.1,1147,1365,1485.75,2073.5000000000005,1461.3,30,af
267,5,9,864,4346,963,1104.25,1266.5,1461.75,1758.5000000000005,1417.3333333333335,30,af
267,5,10,760,4018,974.1,1059.25,1288,1458,1695.5000000000007,1389.7,30,af
267,5,11,811,3974,974.1,1147,1210.5,1481.5,1662.3000000000006,1386.1666666666665,30,af
267,5,12,864,3974,917.8000000000001,1030,1275.5,1505.75,1641.1000000000001,1373.5333333333335,30,af
267,5,13,811,3974,907,1030,1275.5,1526.5,1599.1000000000001,1364.8666666666666,30,af
267,5,14,811,3974,902.7,1045,1270.5,1540.5,1702.4,1373.2666666666669,30,af
267,5,15,675,3974,963.9000000000001,1090,1271,1583.75,1743.6,1403.4,30,af
267,5,16,732,3974,960.1,1087,1301.5,1623.25,1797.7,1420.1666666666665,30,af
267,5,17,848,3974,961.3,1090,1271,1677.5,1819.5000000000005,1436.8333333333335,30,af
267,5,18,848,3974,917.8000000000001,1039,1240,1720.25,1913.8000000000002,1430.9666666666665,30,af
267,5,19,848,3974,862.4000000000001,1027,1240.5,1768.5,1933.3000000000002,1435.6333333333334,30,af
267,5,20,790,2402,901.1,987.75,1147,1787.75,1935.9,1345.4333333333334,30,af
267,5,21,848,2250,911.9000000000001,1027,1178,1784,1981.0000000000002,1352.9,30,af
267,5,22,848,2730,911.9000000000001,1087,1210,1662.75,1982.9,1374.4666666666667,30,af
267,5,23,848,3530,919,1090,1240.5,1500.75,2057.0000000000005,1409.3333333333335,30,af
267,5,24,907,4430,975,1087,1209.5,1545.25,2164.1000000000004,1466.0666666666666,30,af
267,5,25,811,4900,1020.6999999999999,1122.25,1209,1445.25,2059.5,1473.4666666666667,30,af
267,5,26,811,4900,918.9000000000001,1090,1271,1397,1852.5000000000002,1456.1333333333334,30,af
267,5,27,811,5000,907,1147,1292.5,1525,1891.2000000000003,1463.9333333333334,30,af
267,5,28,790,5000,960.1,1100.5,1365,1508.75,1948.2,1467.6666666666665,30,af
267,5,29,864,5000,969.4,1147.75,1334,1536.25,1986.2,1491.4333333333334,30,af
267,5,30,848,5000,975,1125.25,1361,1528.75,1994.3000000000002,1494.2666666666667,30,af
267,5,31,907,5000,1029.6,1144,1319,1517.25,1927.9000000000005,1494.2333333333333,30,af
267,6,1,919,5000,974.1,1090,1346.5,1525,1779.0000000000007,1486.5666666666666,30,af
267,6,2,919,5000,975,1090,1366,1525,1743.700000000001,1502.2333333333333,30,af
267,6,3,864,5000,1029.6,1090,1365,1573.75,1744.500000000001,1513.0666666666666,30,af
267,6,4,760,5000,1030,1087,1333,1574.25,1757.700000000001,1495.5,30,af
267,6,5,864,5000,975,1103.25,1365,1463.5,1728.7000000000012,1494.0666666666666,30,af
267,6,6,532,5000,961.3,1090,1240.5,1514,1778.3000000000006,1467.3,30,af
267,6,7,811,5000,968.1,1045,1240,1488,1760.1000000000004,1456.7333333333333,30,af
267,6,8,811,5000,961.3,1103.25,1269,1478.25,1731.7,1440.5,30,af
267,6,9,811,5000,917.8000000000001,1086,1209.5,1459.5,1738.8000000000002,1430.5333333333333,30,af
267,6,10,790,5000,961.3,1044,1209.5,1525,1818.8000000000004,1442.6666666666665,30,af
267,6,11,790,5000,955.8,1036,1239.5,1558.5,1928.8000000000002,1439.3666666666666,30,af
267,6,12,811,4900,1014.1,1030,1178,1526.5,1962.8,1417.6,30,af
267,6,13,790,4900,966,1027,1209.5,1502.25,1788.3000000000002,1400.7,30,af
267,6,14,732,4900,968.5,1086,1209.5,1540,1911.5,1422.0333333333333,30,af
267,6,15,732,4710,911.9000000000001,1087,1240,1644,1874.9000000000003,1425.5333333333333,30,af
267,6,16,619,4900,908.2,1087,1209,1597.5,1867.9000000000003,1419.9666666666667,30,af
267,6,17,509,4900,969.4,1087,1209,1547.25,1960.1000000000001,1426.5666666666666,30,af
267,6,18,509,4800,963.9000000000001,1044,1209.5,1506,2126.5,1437.4666666666667,30,af
267,6,19,563,4800,961.3,1030,1206.5,1445,2055.9000000000005,1426.4333333333334,30,af
267,6,20,619,4910,961.3,1030,1209,1495.5,1936.5000000000007,1440.4666666666667,30,af
267,6,21,616,4910,961.3,1043.75,1260.5,1545,1839.6000000000006,1429.7,30,af
267,6,22,573,4900,902.7,988.75,1300.5,1459,1769.1000000000006,1420.7333333333333,30,af
267,6,23,662,4330,960.1,1030,1326.5,1461,1792.1000000000006,1431.9,30,af
267,6,24,616,3710,968.2,1044,1317.5,1525,1839.5000000000005,1432.1666666666665,30,af
267,6,25,790,3124,1013.4000000000001,1147,1350,1561,1923.5000000000002,1443.7666666666669,30,af
267,6,26,811,3182,917.8000000000001,1209,1333,1719.75,2262,1495.8,30,af
267,6,27,790,3298,961.3,1209.25,1328,1848.75,2396.0000000000005,1561.6666666666665,30,af
267,6,28,710,3631,975,1147.75,1364.5,1888,2406.5,1576.8333333333335,30,af
267,6,29,848,3298,1030,1209.25,1365,1912.75,2425.9,1605.3,30,af
267,6,30,790,3190,1030,1209.25,1365,1925.75,2564.3,1610.6666666666665,30,af
267,7,1,863,3298,1024.5,1225,1365,1931,2454.7000000000003,1622.9,30,af
267,7,2,864,3307,1030,1177.75,1363.5,1925,2226.3000000000006,1605.1666666666665,30,af
267,7,3,493,3315,1079.5,1209.25,1365,1925,2221.0000000000005,1578.4,30,af
267,7,4,662,3324,1090,1264,1397,1937,2317.4,1595.4666666666665,30,af
267,7,5,864,3315,1090,1222.25,1405,2038.25,2319.1000000000004,1627.5,30,af
267,7,6,848,3428,1030,1203.75,1368.5,2038.25,2378.8,1651.2666666666669,30,af
267,7,7,907,3678,1030,1147.75,1365,1994,2491.3999999999996,1639.1,30,af
267,7,8,975,3678,1030,1144.75,1450,2098.25,2456.2000000000003,1659.7666666666669,30,af
267,7,9,864,3678,1080.4,1097.5,1460.5,2056.25,2552.3,1677.2333333333331,30,af
267,7,10,811,3678,974.1,1164.75,1455,2016.25,2563.4,1645.0333333333335,30,af
267,7,11,848,3678,913.5,1164.75,1461,1986.25,2346.9,1633.1333333333334,30,af
267,7,12,864,3678,1029.6,1203.75,1493,1995.25,2206.7000000000003,1632.2333333333331,30,af
267,7,13,710,3678,1141.3,1223,1461,1902.75,2211.1000000000004,1637.7333333333331,30,af
267,7,14,1030,3678,1147,1210,1477.5,1859.25,2280.6000000000004,1662.9,30,af
267,7,15,864,3594,1089.6,1270.25,1677,1765,2309.2000000000007,1663.1333333333334,30,af
267,7,16,662,3594,1149.7,1270.25,1487,1827,2389.4000000000005,1656.0333333333333,30,af
267,7,17,710,3185,1149.7,1264.25,1475.5,1900.25,2780.1000000000004,1669.9666666666667,30,af
267,7,18,710,3157,1147,1223,1494.5,1992.25,2725.2000000000003,1668.2666666666667,30,af
267,7,19,662,3157,1084,1210,1426.5,2032.75,2433.600000000001,1629.1,30,af
267,7,20,864,3149,1137.7,1210,1401.5,1991.5,2425.6000000000004,1633.5666666666666,30,af
267,7,21,907,2975,1080.3000000000002,1209.25,1435.5,1883,2372.4,1606.7,30,af
267,7,22,662,2901,1085.9,1210,1356,1770,2386,1553.9666666666665,30,af
267,7,23,493,2967,1209,1227.5,1466,1925.5,2391.5,1617.3333333333335,30,af
267,7,24,573,3025,1150,1270.25,1488.5,1988.75,2350.9,1613.5,30,af
267,7,25,811,3041,1202.3999999999999,1270.25,1420,1786,2348.6,1597.3666666666666,30,af
267,7,26,710,4109,1144,1232.5,1398.5,1780.5,2220.6000000000004,1615.4,30,af
267,7,27,811,4376,1085.9,1150,1397,1610,2230.7000000000003,1557.3666666666666,30,af
267,7,28,919,4394,974.1,1150,1330,1538.75,2363.7,1532.3,30,af
267,7,29,864,4367,1024.5,1144.75,1326.5,1468,2368.5,1508.4,30,af
267,7,30,848,4286,966.4000000000001,1101.25,1363.5,1520.5,2237.7000000000003,1491.6,30,af
267,7,31,811,4259,1005.4,1202,1340,1590,2131,1525.1034482758619,29,af
267,8,1,811,4232,1084,1164.75,1335,1741.5,2175.0000000000005,1557.1,30,af
267,8,2,662,4264,1078.5,1163,1336.5,1706.25,2078.9000000000005,1588.8,30,af
267,8,3,760,5243,1029.6,1150,1335,1696.5,2360.5000000000005,1637.0666666666666,30,af
267,8,4,966,5134,975,1105,1392.5,1696,2508.800000000003,1693.2666666666669,30,af
267,8,5,966,5203,975,1147.75,1398.5,1648.25,2506.400000000003,1708.1666666666665,30,af
267,8,6,864,5124,969.4,1150,1367,1668,2458.500000000002,1679.8333333333335,30,af
267,8,7,662,5154,975,1162.5,1389,1756.75,2403.800000000001,1675.0666666666666,30,af
267,8,8,423,5144,1018.9,1209,1397,1656.75,2363.800000000001,1664.9000000000003,30,af
267,8,9,662,5173,963.9000000000001,1164.75,1366.5,1745,2214.4,1633.0666666666666,30,af
267,8,10,811,5213,969.4,1209.25,1365,1713.75,2077.3,1610.0333333333335,30,af
267,8,11,864,5173,961.3,1164.75,1302,1762.75,2145.7000000000003,1583.7999999999997,30,af
267,8,12,811,5173,974.1,1090,1357.5,1656.75,2184.1,1560.9333333333334,30,af
267,8,13,760,5164,1024.5,1087,1271,1701.75,2194.1,1545.0333333333335,30,af
267,8,14,811,4724,975,1104.25,1210,1754.25,2139.2000000000003,1502.7999999999997,30,af
267,8,15,710,4412,969.4,1104.25,1271.5,1689.75,2013.6000000000004,1484.8333333333335,30,af
267,8,16,864,4356,975,1090,1320,1704,2000.9000000000003,1486.4,30,af
267,8,17,919,4515,975,1060,1333,1720.25,1946.6000000000004,1506.2666666666669,30,af
267,8,18,966,5124,975,1104.25,1293.5,1698,1883.7,1502.5666666666666,30,af
267,8,19,966,5164,975,1147.75,1300.5,1699.5,1842.4,1506.0333333333333,30,af
267,8,20,826,5164,961.3,1209,1270,1736,1875.4,1516.7000000000003,30,af
267,8,21,864,5193,1075.8000000000002,1209,1306.5,1756.25,1962.8,1549.4,30,af
267,8,22,811,5134,1081.6,1209.25,1336.5,1782.5,2009.7,1561.7666666666669,30,af
267,8,23,919,5134,1082.7,1210,1333,1747.75,1998.2,1564.0333333333333,30,af
267,8,24,975,5124,1030,1180,1365,1706.75,1997.8000000000002,1547.0666666666666,30,af
267,8,25,864,5134,1024.5,1147.75,1300.5,1722.5,2017.5,1512.1,30,af
267,8,26,811,5124,975,1090,1271,1797.75,2037.4,1506.4666666666665,30,af
267,8,27,811,5084,974.1,1059.5,1270.5,1818,2053.7,1513.8333333333335,30,af
267,8,28,710,5084,1024.5,1144,1271,1816.25,2111.1,1544.6666666666665,30,af
267,8,29,710,5074,1069.6,1204,1365,1707.3375,2121.5,1596.2816666666665,30,af
267,8,30,760,5084,1089.5,1150,1397,1709.3700000000001,1966.8000000000002,1584.8053333333332,30,af
267,8,31,864,5144,1090,1209.25,1398.5,1727.895,1930.9,1628.2953333333332,30,af
267,9,1,1030,5124,1078,1210,1397,1722,2169.999999999999,1686.5862068965516,29,af
267,9,2,1030,5134,1090,1262,1400,1789,2226.1999999999994,1712.3793103448274,29,af
267,9,3,975,5124,1135.6,1210,1400,1819,2284.599999999999,1722.5862068965516,29,af
267,9,4,919,5124,1090,1210,1411,1790,2348.5999999999995,1705.8965517241381,29,af
267,9,5,919,5144,1090,1150,1461,1789,2427.7999999999993,1705.8620689655172,29,af
267,9,6,919,5134,1089.2,1150,1468,1789,2624.7999999999993,1690.551724137931,29,af
267,9,7,1030,5144,1078,1209,1333,1789,2784.399999999999,1731.8275862068965,29,af
267,9,8,864,5154,1063.8,1190,1333,1722,2784.399999999999,1732.5172413793105,29,af
267,9,9,864,5183,973.1999999999999,1226,1400,1667,2777.999999999999,1710.5862068965516,29,af
267,9,10,848,5154,963.8,1209,1330,1674,2765.1999999999994,1683.6206896551726,29,af
267,9,11,907,5144,1074.8,1147,1330,1820,2740.7999999999993,1682.8620689655172,29,af
267,9,12,810,6028,1065.2,1150,1330,1977,3739.6,1851.5862068965519,29,af
267,9,13,347,5183,1051.6,1209,1397,2030,3801.8,1849.793103448276,29,af
267,9,14,461,5144,973.4,1209,1397,2087,3798.4,1874.3793103448274,29,af
267,9,15,918,5144,986.2,1209,1460,2193,3800,1898.6206896551726,29,af
267,9,16,907,5134,1030,1150,1410,2489,3800,1951.5172413793105,29,af
267,9,17,907,5134,1020.8,1150,1461,2481,3796.6,1954.034482758621,29,af
267,9,18,848,5104,1046.8,1209,1397,2465,3794.8,1939.8620689655172,29,af
267,9,19,907,5124,1077.2,1150,1449,2457,3884.7999999999997,1994.8965517241381,29,af
267,9,20,848,5173,1028.6,1196,1449,2449,3906.7999999999997,2010.4137931034481,29,af
267,9,21,790,8069,1083.6,1150,1449,2246,4046.7999999999993,2120.862068965517,29,af
267,9,22,790,5548,1063.8,1150,1397,2231,4058.7999999999993,2001.344827586207,29,af
267,9,23,732,5264,1021,1090,1449,2200,3817.1999999999994,1899.4137931034481,29,af
267,9,24,675,5233,1015.8000000000001,1086,1461,2063,3780.1999999999994,1884.0344827586207,29,af
267,9,25,732,5274,1015.8000000000001,1097,1333,1789,3762.9999999999995,1828.4827586206895,29,af
267,9,26,732,5274,1029.8,1150,1330,1687,3753.3999999999996,1796.7241379310344,29,af
267,9,27,732,5304,1089.2,1150,1280,1720,3747.5999999999995,1787.9655172413793,29,af
267,9,28,732,5264,1002.2,1209,1340,1790,3743.9999999999995,1794.1724137931035,29,af
267,9,29,662,5264,1023.2,1150,1271,1883,3813.9999999999995,1784.7586206896551,29,af
267,9,30,732,5254,1104.9,1194.25,1271,1806.25,3908.3000000000006,1815.75,28,af
267,10,1,848,5254,1019,1150,1330,1656,3810.1999999999994,1820.4827586206895,29,af
267,10,2,919,5104,973.1999999999999,1090,1305,1680,3808.3999999999996,1803.8275862068965,29,af
267,10,3,811,4724,927,1150,1333,1656,3806.3999999999996,1788.655172413793,29,af
267,10,4,710,4543,963.8,1209,1330,1656,3757.9999999999995,1754.551724137931,29,af
267,10,5,811,4533,1019,1209,1333,1656,3621.999999999999,1785.4137931034481,29,af
267,10,6,919,4533,973.1999999999999,1202,1397,1857,3391.7999999999993,1789.5172413793105,29,af
267,10,7,919,4524,1030,1271,1397,1857,3327.7999999999993,1814.6896551724137,29,af
267,10,8,864,4524,1123.6,1210,1461,2095,3288.999999999999,1879.655172413793,29,af
267,10,9,811,4515,1123.6,1270,1461,2087,3290.7999999999993,1876.8275862068965,29,af
267,10,10,811,4496,1074.8,1209,1520,2080,3295.399999999999,1850.9655172413793,29,af
267,10,11,864,4496,1026,1209,1520,2087,3256.1999999999994,1832.3103448275863,29,af
267,10,12,811,4496,1026,1150,1540,2095,3245.399999999999,1826.8620689655172,29,af
267,10,13,811,4496,973.1999999999999,1270,1610,2102,3165.199999999999,1851.9655172413793,29,af
267,10,14,760,4496,1074.8,1271,1580,1925,2864.999999999999,1823.2413793103447,29,af
267,10,15,710,4496,1078,1209,1593,1990,2474.3999999999987,1799.7241379310344,29,af
267,10,16,616,4496,1089.2,1209,1600,1890,3042.999999999999,1784.5172413793105,29,af
267,10,17,662,4496,1065.2,1150,1470,1722,2980.9999999999995,1741.3103448275863,29,af
267,10,18,662,4496,955.2,1209,1520,1820,2920.7999999999997,1740.7586206896553,29,af
267,10,19,710,4496,904.8000000000001,1126,1520,1890,2864.8,1708.2068965517242,29,af
267,10,20,746,4310,806,989,1460,1722,2581.2,1555.7931034482758,29,af
267,10,21,563,4310,907.8000000000001,1029,1256,1722,2064.3999999999996,1511.0344827586207,29,af
267,10,22,424,4310,864,1029,1256,1720,2029.5999999999997,1508.344827586207,29,af
267,10,23,357,4310,864,1030,1256,1720,1950.6,1508.4827586206898,29,af
267,10,24,710,4310,860.8,1051,1271,1674,2002,1512.103448275862,29,af
267,10,25,710,4310,912.4,1026,1210,1525,1961.1999999999998,1443.551724137931,29,af
267,10,26,710,4310,887.8,1029,1149,1590,1861.5999999999997,1426.4137931034484,29,af
267,10,27,628,4310,795.2,1026,1210,1590,1911.5999999999997,1427.0344827586207,29,af
267,10,28,694,4310,811,966,1150,1514,2060.6,1417.4137931034484,29,af
267,10,29,156,4310,751.6,836,1262,1461,2004.6,1361.896551724138,29,af
267,10,30,474,4310,603.4000000000001,790,1184,1397,1970.6,1343.1724137931035,29,af
267,10,31,334,4421,543,790,1262,1525,1858.6,1337.7931034482758,29,af
267,11,1,220,4466,450.40000000000003,803,1207,1460.75,1669.6000000000001,1221.6,30,af
267,11,2,0,3934,129.30000000000004,718.25,1217,1523.75,2015.0000000000002,1197.4666666666667,30,af
267,11,3,0,3511,27.20000000000001,751.75,1229,1575,2077.1000000000004,1196.3666666666666,30,af
267,11,4,0,3266,1.8000000000000007,686.5,1226,1590,2077.1000000000004,1188.0333333333333,30,af
267,11,5,0,2718,1.8000000000000007,699.25,1268.5,1660,2211.1000000000004,1229.4,30,af
267,11,6,0,2642,108.00000000000004,699.25,1223,1528.75,2147.2000000000003,1177.8333333333335,30,af
267,11,7,0,2568,26.10000000000001,719,1206,1577.5,2000.9,1166.1666666666665,30,af
267,11,8,0,2494,26.10000000000001,679.25,1251,1590,2000.9,1173.6333333333334,30,af
267,11,9,0,2568,0,652,1360.5,1648.5,1990.4,1202.5,30,af
267,11,10,0,2347,0,652,1391.5,1605,1842.6,1152.7666666666667,30,af
267,11,11,0,2347,0,641.75,1170.5,1575,1735.3000000000002,1079.3666666666666,30,af
267,11,12,0,2347,0,675,1185.5,1590,1736,1086.9333333333334,30,af
267,11,13,0,2347,0,675,1200,1590,1736.7,1082.9333333333334,30,af
267,11,14,0,2347,0,732,1245,1639.5,1887.2,1115.6666666666665,30,af
267,11,15,0,2420,0,715.5,1257,1660,1796.1000000000001,1106.2,30,af
267,11,16,0,2420,0,739,1300.5,1704,1791.3,1126.0333333333333,30,af
267,11,17,0,2420,0,767.5,1338.5,1659,1842.6,1136.3,30,af
267,11,18,0,2420,0,795.25,1359,1659,1858.2,1149.4,30,af
267,11,19,0,2420,0,848,1391,1679.25,1861.8000000000002,1158.9333333333334,30,af
267,11,20,0,2420,0,848,1375.5,1727.25,1993.4000000000003,1208.9333333333334,30,af
267,11,21,0,2494,0,852,1388,1789.75,1998.9,1214.5333333333333,30,af
267,11,22,0,2494,0,759.25,1334,1790.5,1999.7,1185.3666666666666,30,af
267,11,23,0,2494,0,654.25,1365,1849,2006.7,1162.8666666666666,30,af
267,11,24,0,2494,0,667,1394,1840.25,1996.7,1178.4,30,af
267,11,25,0,2494,0,722.25,1429,1789.75,1966.8000000000002,1181.1,30,af
267,11,26,0,2494,0,722.25,1180,1789.75,1994.6000000000001,1147.5666666666666,30,af
267,11,27,0,2568,0,633,1180,1789.75,2003.4,1148.3,30,af
267,11,28,0,2568,0,647.25,1150,1789.75,2032.8,1143.6333333333334,30,af
267,11,29,0,2568,0,647.25,1178.5,1789.75,2059.5,1155.2333333333333,30,af
267,11,30,0,2568,0,703.75,1180,1744.25,2087.8,1160.5333333333333,30,af
267,12,1,0,2568,0,703.75,1210,1754.25,2103.5,1174.2666666666667,30,af
267,12,2,0,2568,0,761,1245,1708.25,2120,1185.1666666666665,30,af
267,12,3,0,3266,0,761,1240.5,1722,2132.5,1220.5,30,af
267,12,4,0,3511,0,804.5,1275.5,1732.5,2132.8,1241.8666666666666,30,af
267,12,5,0,3185,0,819.25,1306.5,1752.75,2153.1000000000004,1244.7666666666667,30,af
267,12,6,0,3027,0,862.75,1336.5,1786,2161.8,1248.5333333333333,30,af
267,12,7,0,2948,0,907,1368.5,1795.75,2176.9,1288.2333333333333,30,af
267,12,8,0,2794,0,968.25,1403.5,1956.75,2179.9,1329.1333333333334,30,af
267,12,9,0,2642,0,921.75,1465.5,1854.75,2196.5,1320.1,30,af
267,12,10,0,2494,0,930.75,1465.5,1871.25,2206,1323,30,af
267,12,11,0,2497,0,968.25,1497.5,1921.75,2221.9,1332.4,30,af
267,12,12,0,2529,0,1026,1497.5,1929,2233.0000000000005,1357.5666666666666,30,af
267,12,13,0,2561,0,987.75,1530,1931,2189.6,1352.8666666666666,30,af
267,12,14,0,2569,0,987.75,1465.5,1964,2211.1,1339.9333333333334,30,af
267,12,15,0,2601,0,836.25,1497.5,1993.5,2233.3,1348.2333333333333,30,af
267,12,16,0,2617,0,813.75,1522.5,1993.5,2247.6000000000004,1348.7666666666667,30,af
267,12,17,0,2650,0,852,1532.5,2025.5,2269.8,1358.1666666666665,30,af
267,12,18,0,2666,0,852,1565,2058,2285,1370.3333333333335,30,af
267,12,19,0,2690,0,891.75,1623,2064.5,2301.6,1390.1,30,af
267,12,20,0,2714,0,891.75,1625,2087,2303.9,1399.3,30,af
267,12,21,0,2747,0,891.75,1625,2131,2351.3,1417.7666666666667,30,af
267,12,22,0,2763,0,946.75,1658,2138.25,2352.8,1420,30,af
267,12,23,0,2787,0,946.75,1668,2166.75,2354.4,1430.9666666666667,30,af
267,12,24,0,2795,0,988.75,1668,2160.75,2389.2,1446.7666666666667,30,af
267,12,25,0,2828,0,1030,1668,2189.25,2422.1,1456.1666666666665,30,af
267,12,26,0,2861,0,1045,1668,2269.75,2547.5,1502.8666666666666,30,af
267,12,27,0,2885,0,1182.5,1668,2328,2629.2,1530.5666666666666,30,af
267,12,28,0,2910,0,1227.5,1668,2333.75,2631.6,1542.3333333333335,30,af
267,12,29,0,2926,0,1242.5,1736,2286.75,2506,1536.2,30,af
267,12,30,0,2951,0,1242.5,1736,2317,2508.4,1546.6,30,af
267,12,31,0,2967,0,1295,1736,2341,2601.6000000000004,1562.9,30,af
282,1,1,4574,81162,10611.400000000001,11900.25,21385,31696.25,40616.4,24443.6,30,af
282,1,2,4602,81433,10685.600000000002,12027.5,21530,31758.75,40662.100000000006,24553,30,af
282,1,3,4654,81501,10795.1,12208.25,21690,31877.75,40731,24656.166666666664,30,af
282,1,4,4705,81501,10913.7,12382.5,21835,31978.5,40785,24752.533333333333,30,af
282,1,5,4746,81637,10985,12580.5,22080,31940,40869.100000000006,24850.7,30,af
282,1,6,4805,81706,11091.800000000001,12704,22270,31982.75,40983.5,24952.633333333335,30,af
282,1,7,4846,81637,11169.1,12909.75,22415,32070.75,41128,25031.133333333335,30,af
282,1,8,4893,81911,11251.400000000001,13075.5,22700,32109,41232.9,25132.966666666667,30,af
282,1,9,4929,81842,11304.800000000001,13312.75,22905,32241.5,41296.4,25218.533333333333,30,af
282,1,10,5001,81911,11423.9,13401.5,23035,32336,41442.00000000001,25308.5,30,af
282,1,11,5050,82048,11434.1,13575.25,23180,32372.25,41662.1,25390.066666666666,30,af
282,1,12,5105,82048,11543.4,13724,23450,32454.75,41449.50000000001,25490.266666666666,30,af
282,1,13,5148,82117,11552.6,13870.25,23490,32511.75,41021.9,25561.033333333333,30,af
282,1,14,5173,82117,11561,14010.25,23680,32555.25,40597.8,25645.633333333335,30,af
282,1,15,5222,82254,11680.5,14152,23830,32618.5,40096.40000000001,25738.6,30,af
282,1,16,5298,82323,11692.2,14315.5,23940,32694,39717.6,25819.166666666664,30,af
282,1,17,5348,82462,11807.6,14456.5,24065,32726.75,39845.200000000004,25911.766666666666,30,af
282,1,18,5412,82600,11923.2,14573.25,24170,32751.75,40001.600000000006,25994.233333333334,30,af
282,1,19,5451,82600,11932.9,14775.75,24310,32815.75,40095.1,26071.3,30,af
282,1,20,5496,82185,11940.6,14934,24440,32828.25,40359.3,26128.233333333334,30,af
282,1,21,5522,82254,11943.2,15104.25,24605,32942.25,40511.4,26210.666666666664,30,af
282,1,22,5567,82531,12066.2,15276.5,24735,33001.75,40605.9,26280.933333333334,30,af
282,1,23,5613,82600,12077.4,15397.5,24855,32993.5,40758.90000000001,26329.233333333334,30,af
282,1,24,5666,82670,12193.3,15527.5,25010,33051.25,40879.9,26403.633333333335,30,af
282,1,25,5700,82670,12201.2,15699.25,25100,33151.5,41027.50000000001,26461.1,30,af
282,1,26,5747,82739,12209.199999999999,15834.5,25260,33214.75,41101.6,26535.2,30,af
282,1,27,5794,82739,12324.1,15997.75,25435,33201.5,41293.600000000006,26616.266666666666,30,af
282,1,28,5841,82948,12333.3,16115.5,25540,33197.5,41398.4,26681.866666666665,30,af
282,1,29,5868,82948,12339.1,16239,25720,33137.75,41532.200000000004,26755.3,30,af
282,1,30,5903,83158,12461.9,16393.5,25870,33015.25,41578.200000000004,26824.4,30,af
282,1,31,5937,83439,12474.8,16541,26090,32906.75,41643.6,26901.233333333334,30,af
282,2,1,5979,83369,12483.099999999999,16638.25,26275,32937.75,41750.700000000004,26978.866666666665,30,af
282,2,2,6041,83439,12599.5,16780.25,26435,32971.75,41835.3,27068.433333333334,30,af
282,2,3,6076,83581,11838,15241.75,26600,32967.25,41925.3,26986.9,30,af
282,2,4,6126,83722,11972,15348,26735,32954.25,42007.6,27076.4,30,af
282,2,5,6161,83722,12180,15472,26930,33072.75,42156.6,27172.466666666667,30,af
282,2,6,6218,83793,12242,15563.5,27105,33170.5,42427.3,27270.966666666667,30,af
282,2,7,6269,83793,12354,15673.5,27265,33330.5,42317.299999999996,27350.233333333334,30,af
282,2,8,6305,83864,12492,15778.75,27420,33423,42426,27446.633333333335,30,af
282,2,9,6334,83864,12605,15855.25,27595,33523,42415.5,27515.3,30,af
282,2,10,6378,84077,12682,15967,27795,33656.25,42407.7,27611.133333333335,30,af
282,2,11,6400,84006,12771,16058,27875,33715.25,42599,27684.6,30,af
282,2,12,6415,83935,12900,16158.25,27950,33779.25,42620.4,27752.9,30,af
282,2,13,6445,84006,12939,16247.5,28005,33838.25,42606.8,27813.466666666667,30,af
282,2,14,6497,84077,13017,16337,28025,33880.25,42592.5,27889.4,30,af
282,2,15,6520,84723,13108,16442.75,28120,33956.75,42614.00000000001,27982.033333333333,30,af
282,2,16,6557,84220,13213,16522,28150,34013.25,42596.100000000006,28017.633333333335,30,af
282,2,17,6580,83935,13305,16592.75,28195,33988,42553,28045.666666666664,30,af
282,2,18,6626,84006,13372,16659.5,28250,33818,42447.100000000006,28099,30,af
282,2,19,6664,84220,13474,16758,28355,33658,42380.9,28134.4,30,af
282,2,20,6695,84220,13478,16850,28365,33538,42408.8,28206.033333333333,30,af
282,2,21,6757,84149,13666,16899.5,28500,34258.75,42374,28323.6,30,af
282,2,22,6757,84220,13559,17012.25,28575,34253.25,42339.3,28428.833333333336,30,af
282,2,23,6796,84149,13612,16336.75,28715,34247.75,42278.1,28474.066666666666,30,af
282,2,24,6835,84149,13653,17223,28645,34230.25,42490.9,28620.066666666666,30,af
282,2,25,6883,84292,13693,17652.5,28600,34230.25,42391.700000000004,28738.3,30,af
282,2,26,6883,84220,13748,17683,28070,34262.25,42100.7,28680.7,30,af
282,2,27,6906,84220,13742.099999999999,17703.75,28870,34294.25,42312,29002.866666666665,30,af
282,2,28,6946,84220,13788,17767,29130,34356.75,42210.5,29125.333333333336,30,af
282,2,29,10684,43142,13568,16062.5,32190,35750,42419.6,28154,8,af
282,3,1,6970,84363,13867.300000000001,20336.25,29555,34401.25,42282.200000000004,29497.5,30,af
282,3,2,7002,84149,13870,20421.25,30722,34420.5,42310.4,29663.066666666666,30,af
282,3,3,7027,84507,13867.300000000001,20493.5,31791,34452.75,42385.3,29890.266666666666,30,af
282,3,4,7059,84723,13987,20565.75,32408.5,34931.75,42485.8,30170.633333333335,30,af
282,3,5,7075,84435,13992.5,20601.5,32330.5,36405,42357.4,30420.5,30,af
282,3,6,7083,84579,13999.300000000001,20665,32414.5,37880,42279.3,30667.266666666666,30,af
282,3,7,7100,84651,14018.9,20701.5,33366.5,38149,42301.8,30924.8,30,af
282,3,8,7124,84867,14055.8,20769,33485.5,39005,42290.700000000004,31179.266666666666,30,af
282,3,9,7149,84939,14510.8,20811,33525.5,39632.5,42297.3,31420.433333333334,30,af
282,3,10,7173,84939,15067.1,20851.5,33701.5,39872.5,42361.7,31688.433333333334,30,af
282,3,11,7173,84939,15124.8,20897.5,33769,40387.5,42935.9,31975.533333333333,30,af
282,3,12,7214,84939,15187.900000000001,21570.75,33739.5,40725,43417.700000000004,32247.766666666666,30,af
282,3,13,7206,85012,15232.2,22234.25,33764.5,41017.5,43608.8,32503.733333333334,30,af
282,3,14,7214,84939,15261.6,22269.25,33652,41302.5,43581.200000000004,32707.966666666667,30,af
282,3,15,7248,84939,15308.3,22729.5,33439,41415,43620.8,32915.833333333336,30,af
282,3,16,7239,84939,16049.6,23588.25,33691.5,41418,43138.200000000004,33100.666666666664,30,af
282,3,17,7264,85012,17302.100000000002,23988.75,34342,40996.25,43236.200000000004,33293,30,af
282,3,18,7331,85012,18634.9,24104.25,34329,40395.5,43314.200000000004,33476.1,30,af
282,3,19,8069,85229,19944.3,24201.5,34316,40249.5,43386.200000000004,33663.2,30,af
282,3,20,9216,85012,20207.7,24258,34455,40472.75,43428.200000000004,33815.9,30,af
282,3,21,10304,85084,20209.300000000003,24273,34525,41322,43506.200000000004,33917.933333333334,30,af
282,3,22,10734,85157,20280.7,25760.25,34640.5,41161.75,43779.2,34063.9,30,af
282,3,23,10966,85157,20375.2,27274.75,34568.5,40797.5,44187.8,34140.833333333336,30,af
282,3,24,11085,85229,20512.9,27731.75,34624,40742.5,43534.8,34280.5,30,af
282,3,25,11158,85229,20651.7,27532,34666.5,40627.5,43053.8,34377.76666666667,30,af
282,3,26,11231,85084,20800.1,27390.5,34750.5,40396.75,42522.8,34437.666666666664,30,af
282,3,27,11292,85229,21026.5,27444,34705.5,40239.5,42234.8,34512.833333333336,30,af
282,3,28,11354,85302,21259.300000000003,28528.75,35086,39671.25,42026.00000000001,34537.73333333333,30,af
282,3,29,11403,85084,21426.7,29140.25,34787,39014.25,42574.100000000006,34498.53333333333,30,af
282,3,30,11454,85012,21658,29347.75,34387.5,38454.5,41754.600000000006,34332.63333333333,30,af
282,3,31,11517,84435,21761.5,29139.5,33852,37897.5,41848.600000000006,34079.933333333334,30,af
282,4,1,11542,83793,21821.8,29133.75,33329.5,37571,41967.00000000001,33811.76666666667,30,af
282,4,2,11605,82879,21887.600000000002,28764.75,33268,37247,42025.90000000001,33559.76666666667,30,af
282,4,3,11644,82117,21930.600000000002,28328.5,33199,36944,42115.5,33281.066666666666,30,af
282,4,4,11657,81637,21860.4,28440.75,33101,36570.25,41963.90000000001,33163.7,30,af
282,4,5,11670,81366,21477.200000000004,28454.75,33041.5,36339.75,41633.600000000006,33001.53333333333,30,af
282,4,6,11709,81027,21125.300000000003,28335.75,32697.5,36206.25,41025.4,32785.8,30,af
282,4,7,11709,80757,20663.600000000002,28134.25,32854,37766.75,40529.200000000004,32895.03333333333,30,af
282,4,8,11620,80555,20206.2,28023,32148.5,36137.25,40140.200000000004,32335.933333333334,30,af
282,4,9,11390,80285,19969.8,27795.5,31826.5,36299.5,39729.9,32065.266666666666,30,af
282,4,10,10830,79949,19762.300000000003,27598,31401.5,36466.25,39457.4,31791.533333333333,30,af
282,4,11,10510,79412,19524.700000000004,27089.25,31080,36047.75,39050.200000000004,31485.266666666666,30,af
282,4,12,10190,79144,19254.8,26728,30728,35371.75,38578.50000000001,31192.8,30,af
282,4,13,9880,79144,18960.5,26348.5,30317,34886.25,38096.00000000001,30916.233333333334,30,af
282,4,14,9470,78743,18691.2,26029,29928.5,34357.75,37572.100000000006,30608.866666666665,30,af
282,4,15,9280,78676,18465.2,25854.25,29656.5,33816.5,37685.8,30346.066666666666,30,af
282,4,16,8840,78409,18376.100000000002,26571,29396.5,33153.75,37740.600000000006,30051.3,30,af
282,4,17,8510,77678,18285.100000000002,26414.75,29249.5,32613,37754.399999999994,29754.2,30,af
282,4,18,8240,77479,18135,26014.75,29051,32284.25,37458.8,29499.266666666666,30,af
282,4,19,7880,77280,17973,25661.75,29284.5,31950.25,36916,29240.233333333334,30,af
282,4,20,7540,77081,17673.800000000003,25250.75,28962.5,31693.75,36421.200000000004,28971.4,30,af
282,4,21,7370,76949,17373.4,24565,28720.5,31506.75,36171.9,28720.466666666667,30,af
282,4,22,7210,76487,17258.800000000003,23872.5,28285.5,30972,35881.200000000004,28452.4,30,af
282,4,23,6970,76157,17273.800000000003,23106.5,28050.5,30552,35806,28205.466666666667,30,af
282,4,24,6820,75632,17250.7,22891.25,27845.5,30135.5,35646.3,27904.433333333334,30,af
282,4,25,6660,75238,17125.5,22844.5,27710.5,30017.5,35386.200000000004,27693.966666666667,30,af
282,4,26,6360,75238,16736.2,22800.25,27645.5,29966.75,35076.600000000006,27493.433333333334,30,af
282,4,27,6080,74389,16435.800000000003,22750.75,27435.5,29779,34745.4,27312.1,30,af
282,4,28,5940,74194,16188.800000000001,22631.25,27095.5,30130.25,34615.40000000001,27192.066666666666,30,af
282,4,29,5940,73674,15963.500000000002,22580.25,26735.5,30592,34470.40000000001,27051.466666666667,30,af
282,4,30,6010,73674,15690.900000000001,22540,26445.5,30929.5,34426.200000000004,26959.633333333335,30,af
282,5,1,6430,74650,15459.100000000002,22553,26310.5,30971.5,37006.8,27064.8,30,af
282,5,2,6970,75238,15317.300000000001,22519.75,26125.5,31216.5,34067.600000000006,26870.8,30,af
282,5,3,7380,75304,15175.400000000001,22434,25880.5,31717.5,33816.8,26829.566666666666,30,af
282,5,4,7800,76553,15077.900000000001,21757,25553,31727.5,34449.3,26841.3,30,af
282,5,5,8240,76487,14868.300000000001,20781,25642,31770,35815.200000000004,26833.1,30,af
282,5,6,8700,76487,15364.400000000001,20459.75,25463,31757.5,35560.40000000001,26820.233333333334,30,af
282,5,7,8988,76619,16073.400000000001,20436.75,25259,31610,35188.700000000004,26846.033333333333,30,af
282,5,8,8998,76619,15904.000000000004,19981.25,24928.5,31515.25,34903.50000000001,26778.2,30,af
282,5,9,8967,76553,15734.800000000003,19561,24922.5,31950.25,34463.500000000015,26762.733333333334,30,af
282,5,10,8978,76223,15901.300000000003,20346.25,24857,31785,34536.000000000015,26729.266666666666,30,af
282,5,11,8926,75960,16191.100000000002,21198.25,24426,31577.5,34825.500000000015,26685.9,30,af
282,5,12,8906,76026,16308.900000000001,21044.75,24041.5,31367.5,35080.600000000006,26606.933333333334,30,af
282,5,13,8916,76026,16429.800000000003,20776,23831,30909,35191.40000000001,26468.066666666666,30,af
282,5,14,8895,76026,16518.7,20675.75,23830.5,30469,35324.40000000001,26299.566666666666,30,af
282,5,15,8865,76223,16248.2,20725,24254,30008.5,35365.80000000001,26225.6,30,af
282,5,16,8609,76223,15969.7,20421.25,24300.5,29551.75,35381.200000000004,26090.966666666667,30,af
282,5,17,8234,76223,15644.2,20005.75,24186,29437.5,35480.00000000001,25986.366666666665,30,af
282,5,18,7951,76223,15390.5,19715,23989,29462.5,35507.200000000004,25881.533333333333,30,af
282,5,19,7683,76289,15652.9,19270.5,23717.5,29462,35557.600000000006,25753.266666666666,30,af
282,5,20,7374,76355,16182.9,18672.75,24162,28793.75,35628.100000000006,25666,30,af
282,5,21,7004,76487,16326.100000000002,18205.25,24371,28784,35678.5,25561.9,30,af
282,5,22,6719,76355,16171.7,18358,23836,28597.5,35739.9,25399.366666666665,30,af
282,5,23,6510,76157,16051.6,18202.25,23448.5,28460,35566.4,25291.733333333334,30,af
282,5,24,6213,76026,15911.2,17948.25,23301.5,28640,35579.4,25248.766666666666,30,af
282,5,25,5946,76619,15231.6,17680.75,23156.5,28537.5,35326.700000000004,25224.833333333332,30,af
282,5,26,5815,77943,14722.300000000001,17628,23726,28410,36023.1,25342.233333333334,30,af
282,5,27,5918,78877,14332.900000000001,17632.5,24139,28707.5,35352.200000000004,25396.866666666665,30,af
282,5,28,5987,79412,13987.800000000001,17595.75,24042.5,28571.75,35452.8,25430.4,30,af
282,5,29,6064,79680,13816.800000000001,17551.25,23452,28645,35613.8,25426.866666666665,30,af
282,5,30,6149,79747,13177.400000000001,17503.25,23530.5,28610.5,37010.9,25267.633333333335,30,af
282,5,31,6227,79747,13911.800000000001,17357.25,24022,29445.75,38050.100000000006,25491.533333333333,30,af
282,6,1,6292,79949,14020.7,17243,23617,30064.25,38424.100000000006,25464.433333333334,30,af
282,6,2,6341,79882,13866.8,17082.25,23362.5,30884,38698.1,25454.9,30,af
282,6,3,6341,79814,13641.4,16958.75,23074,31877.5,38890.1,25425.366666666665,30,af
282,6,4,6341,79613,13472.1,16783.75,22742.5,32698.5,38560.9,25357.166666666668,30,af
282,6,5,6334,79479,13813.500000000002,16581,22285,32978.75,38103.9,25273.866666666665,30,af
282,6,6,6327,79278,13544.9,16742.5,21901.5,33134.75,37551.90000000001,25177.833333333332,30,af
282,6,7,6305,79144,13357.8,16126,21628,32984.75,37130.90000000001,25041.2,30,af
282,6,8,6290,78810,13068.5,15865.5,21417.5,32715.75,36679.90000000001,24915.266666666666,30,af
282,6,9,6269,78343,12605.9,16077,20899.5,32487.75,36649.4,24742.5,30,af
282,6,10,6247,77877,12309.4,15939.5,20672.5,32100.25,36850.5,24631.633333333335,30,af
282,6,11,6218,77346,12004.9,15748.5,21033.5,31740.75,37030.4,24550.2,30,af
282,6,12,6190,76685,11736,15280.25,20774.5,31473.5,37146.299999999996,24463.233333333334,30,af
282,6,13,6022,76092,11487.699999999999,14723.75,20868,30961.75,36912.5,24313.066666666666,30,af
282,6,14,5713,75173,11467.2,14255.75,21534,30566.25,36619.4,24185.133333333335,30,af
282,6,15,5461,74977,11011.5,14181.25,22252,30319.75,36471.3,24120.033333333333,30,af
282,6,16,5216,74519,10686.9,14058.25,22725,30227.25,36181,24217.7,30,af
282,6,17,4827,74389,10315.5,14559.75,23114.5,30171.25,36065,24165.166666666664,30,af
282,6,18,4358,73804,9902.3,14592.5,23345.5,30483,36019,24050.566666666666,30,af
282,6,19,3929,73479,9533,14261.75,23257,30990,35711,23944.266666666666,30,af
282,6,20,3515,72832,9298.2,13980,23008,30372.5,35663,23770.366666666665,30,af
282,6,21,3204,72832,9236.300000000001,13631,22692,30001.75,35819,23706.6,30,af
282,6,22,3060,72381,9164.9,13202.75,22330.5,30374.25,35853,23626.333333333336,30,af
282,6,23,3428,71738,9257.300000000001,13329.75,22352,30957,36570,23622.733333333334,30,af
282,6,24,4367,71545,9268.900000000001,13816.5,22682,30706.25,36363.00000000001,23688.7,30,af
282,6,25,4383,70587,9247.400000000001,13906.75,23102,30288.75,37248.00000000001,23710.7,30,af
282,6,26,4405,69887,9236,13677,23346,29947.75,37970.00000000001,23714.4,30,af
282,6,27,4416,69507,9344.599999999999,13929.5,23134,30695.25,39042,23728.266666666666,30,af
282,6,28,4433,69570,9941.000000000002,13337.5,22810,30426,40035,23760,30,af
282,6,29,4444,70396,10904.300000000001,13196.75,22751.5,30033,40476,23862.6,30,af
282,6,30,4523,70842,11041.400000000001,13210,22636,30742.5,40383,24026.666666666664,30,af
282,7,1,4540,71866,11009.1,13780,21045,30403.5,40122,24167.1,30,af
282,7,2,4665,72961,10651.1,14352.25,21459.5,29762.25,39702,24410.666666666664,30,af
282,7,3,4805,74585,10312.300000000001,15090,21934,29239.25,40278,24724.433333333334,30,af
282,7,4,4875,75500,9993.1,16117.75,23151,29122.5,40238,24969.266666666666,30,af
282,7,5,4905,75894,9776.500000000002,16986,23601.5,29075.5,40191,25181.733333333334,30,af
282,7,6,5038,76685,9536.6,17340.75,24336.5,29090.5,40176,25318.166666666664,30,af
282,7,7,5185,76487,9278.600000000002,17274.5,24883.5,29003,40071,25373.333333333336,30,af
282,7,8,5285,76289,9004,17052,25213,28803,40231,25318.8,30,af
282,7,9,5348,76289,8779.000000000002,16574.75,25374,28540.5,40265,25214.566666666666,30,af
282,7,10,5386,76355,8844.400000000001,16062.25,25218,28331,40113,25096.433333333334,30,af
282,7,11,5241,76487,8964.7,15506.75,25152,27753.5,39818,25008.5,30,af
282,7,12,5336,76289,8613.7,14871,25085,27926.5,39251,24909.8,30,af
282,7,13,5399,76157,8492.2,14380,24748,28810,38311.00000000001,24891.833333333336,30,af
282,7,14,5399,76157,8433.3,14053.25,24472,29626.75,37225,24807.3,30,af
282,7,15,5412,75894,8962.400000000001,13736.75,24544.5,30050.25,36690,24640.666666666668,30,af
282,7,16,5399,75566,10666.1,13896.5,24077,30329.75,35930.6,24453.4,30,af
282,7,17,5438,75238,11050.2,15151.25,23383.5,30409.75,35373,24257.4,30,af
282,7,18,5594,74781,10714.400000000001,16491.5,23089.5,30253.5,33667,24072,30,af
282,7,19,5613,74519,10391.5,17643,23093.5,29872,32046.000000000004,23897.166666666668,30,af
282,7,20,5620,74259,10159.8,17506.25,23614,29341,30775.000000000004,23683.766666666666,30,af
282,7,21,5620,73869,10168.1,16633,23542.5,28947.25,30654.600000000006,23529.033333333333,30,af
282,7,22,5620,73350,10156.5,15949.25,23229,28321,30786.4,23359.566666666666,30,af
282,7,23,5627,72832,10019.699999999999,16251,23001.5,28025.25,30875.1,23363.366666666665,30,af
282,7,24,5627,72316,9807.5,16916.75,23259,27853.5,30654.8,23336.333333333336,30,af
282,7,25,5607,71930,9914.5,17361.75,24177,27590.75,29928.300000000003,23327.066666666666,30,af
282,7,26,5600,71674,10325.1,18040.5,23827.5,27336.25,30077.2,23332.566666666666,30,af
282,7,27,5587,71545,10560.300000000001,18512.5,23951.5,27110,29983.2,23367.933333333334,30,af
282,7,28,5581,71353,10565.6,18583.25,23517,27678,29971.100000000002,23340.3,30,af
282,7,29,5574,71417,10478.300000000001,19268.75,23074,28095,30171,23304.033333333333,30,af
282,7,30,5561,71289,10392.900000000001,19428.5,22627,27932.5,31191.100000000002,23235.133333333335,30,af
282,7,31,-901,71097,8003.200000000001,13851.75,22706,27500,30924.100000000002,22416.266666666666,30,af
282,8,1,5535,70778,10210.900000000001,19412.75,22532,27110,30568.400000000005,23091.066666666666,30,af
282,8,2,5444,70587,9983.900000000001,19086.75,22577.5,26837.5,30325.000000000004,22971.866666666665,30,af
282,8,3,5191,69254,9832.400000000001,18867.75,24280.5,26917.5,30092.000000000004,23006.266666666666,30,af
282,8,4,5068,68057,9595.200000000003,18543.25,23198.5,26898,30061.000000000004,22631.8,30,af
282,8,5,4917,66822,9614.7,18283.25,23167.5,26758,29820,22472.766666666666,30,af
282,8,6,4971,65859,9590.000000000002,17987,22944.5,26756.5,29784,22427.133333333335,30,af
282,8,7,5007,65151,9593.500000000002,17732.5,22887.5,26698.75,29804,22346.266666666666,30,af
282,8,8,5056,64976,9583.9,17402.25,23222.5,26458.75,29950,22304.666666666668,30,af
282,8,9,5080,64917,9562.9,17062.5,22957,26262.75,30072,22284.366666666665,30,af
282,8,10,5086,65034,9534.8,16454.5,22802,26829.75,30255,22277.966666666667,30,af
282,8,11,5092,64743,9525.6,15849.5,22722,27017.75,29886,22239.933333333334,30,af
282,8,12,5092,64743,9067.400000000001,15878,22662,26925.5,30176,22220.8,30,af
282,8,13,5086,64801,8502.1,15989.25,22534,27030.5,31012,22205.566666666666,30,af
282,8,14,5086,65622,7974.6,15782.25,22255,26630.5,32110,22177.133333333335,30,af
282,8,15,5086,66459,7661.8,15522.75,21844,26465.25,32610,22150.366666666665,30,af
282,8,16,4659,66944,7642.200000000001,15243.5,21430,26374,34596,22092.166666666664,30,af
282,8,17,4274,65800,7597.6,14973.75,20897,26231.5,36368,21976.6,30,af
282,8,18,4252,64685,7589.700000000001,14726,20620,26161.25,37835,21919.4,30,af
282,8,19,4389,63321,7586.000000000001,14403.5,20635,26297.75,38478,21813.366666666665,30,af
282,8,20,4182,62060,7594.700000000001,14146.5,20515,26532.75,38871,21806.666666666668,30,af
282,8,21,4155,61261,7604,13947,20467.5,26522.5,39267,21856.633333333335,30,af
282,8,22,4209,60175,7604.8,13975.5,20483,26507.25,39364,21935.266666666666,30,af
282,8,23,4241,59323,7597.4000000000005,14687.75,20469.5,26453.25,39115,21963.5,30,af
282,8,24,4274,58162,7597.4000000000005,15192,20242,26408.25,38863.100000000006,21996.7,30,af
282,8,25,4295,57094,7604.8,15276,20080,26982.5,38837.200000000004,22029.266666666666,30,af
282,8,26,4312,56140,7238.1,15015.5,20143.5,27518.75,38541.30000000001,22006.233333333334,30,af
282,8,27,4328,54930,6901.6,14758.25,20318,27739.5,38267.30000000001,22028.266666666666,30,af
282,8,28,4328,54004,6445.9,14201,20245,28521.5,37754.30000000001,22004.733333333334,30,af
282,8,29,4334,52745,6657.6,13863.5,20200,29466.25,37502.30000000001,22088.366666666665,30,af
282,8,30,4328,51594,6763.4,13771.5,20494.5,30531.25,36998.00000000001,22131.333333333336,30,af
282,8,31,4323,50298,6759.3,13592.25,20841,31231,36715.00000000001,22146.3,30,af
282,9,1,-901,49517,5876.700000000001,12457.75,20785,31128.25,36379.8,21389.366666666665,30,af
282,9,2,-901,48665,5863.5,12118.5,20649,31401.25,36568.8,21382.033333333333,30,af
282,9,3,-901,47558,5905.9000000000005,11663.5,20577.5,31555,36422.8,21280.7,30,af
282,9,4,-901,46267,5956.1,11282.75,20565.5,31430,36378.8,21171.333333333336,30,af
282,9,5,-901,44999,5949.8,10961.25,20770.5,31487.5,36227.8,21138.4,30,af
282,9,6,-901,43892,5925.4000000000005,10709.5,20798,31567.5,35855.8,21071.833333333336,30,af
282,9,7,-901,42740,5926.6,10712.25,21302.5,31745,35467.00000000001,21015.366666666665,30,af
282,9,8,-901,41589,5904.3,10847.25,21645,31697.5,35453.00000000001,20954.433333333334,30,af
282,9,9,-901,40506,5752.8,11090,21248.5,31495,35931.00000000001,20907,30,af
282,9,10,-901,40298,5264.6,11249.75,20887.5,31635,36387,20865.2,30,af
282,9,11,-901,40328,6215.200000000001,10957.75,20547.5,32140,37355,20853.3,30,af
282,9,12,-901,40626,6121.4000000000005,13198.75,20250.5,33286.5,37250.299999999996,21244.433333333334,30,af
282,9,13,-901,40750,6502.800000000001,12957.75,19917,33139,36746,21330.366666666665,30,af
282,9,14,-901,42280,6060.6,13052.25,19618.5,32844,37480,21457.066666666666,30,af
282,9,15,-901,43520,5425.200000000001,12822.75,19349,32481.5,37468,21569.3,30,af
282,9,16,-901,44140,5086.6,13126.5,19329.5,32151.5,37320.00000000001,21654.166666666664,30,af
282,9,17,-901,44770,5193.200000000001,13264.75,19274.5,31535,37049.00000000001,21702.866666666665,30,af
282,9,18,-901,45410,5279.200000000001,13796,19285,30961.25,36838.3,21757.566666666666,30,af
282,9,19,-901,46680,5333.9000000000005,14035.25,19215,31479,37113.100000000006,21959.2,30,af
282,9,20,-901,49639,5387.700000000001,13949.25,19185.5,31655.5,37572.40000000001,22079.2,30,af
282,9,21,-901,57094,5425.6,13863.5,19222,31693,38568.8,22384.166666666664,30,af
282,9,22,-901,62494,5463.200000000001,13811.25,19174,31675.5,38355.8,22546.5,30,af
282,9,23,-901,65740,5474.9000000000005,13714.75,19602,31605.5,37704.200000000004,22572.933333333334,30,af
282,9,24,-901,68120,5510.9000000000005,13617.25,19970.5,31563,37548.700000000004,22602.133333333335,30,af
282,9,25,-901,71225,5541.200000000001,13600,20202.5,31565.5,37492.3,22638.466666666667,30,af
282,9,26,-901,73674,5551.8,13218.75,20443.5,31528,37326.8,22637.133333333335,30,af
282,9,27,-901,75500,5552.1,13152.75,20648,30973,37111.8,22670.033333333333,30,af
282,9,28,-901,76223,5520.700000000001,13789,21148,29716,37038.00000000001,22706.133333333335,30,af
282,9,29,-901,76553,5503.9000000000015,13784.25,21138,28569.5,36953.90000000001,22667.5,30,af
282,9,30,-901,76883,5201.6,14326,21814,28420,37248,23204.655172413793,29,af
282,10,1,-901,77081,5486.000000000001,14385,21339,29196.25,36759.50000000001,22730.066666666666,30,af
282,10,2,-901,77147,5513.700000000001,14336.25,22043.5,28931.25,36587.3,22842.7,30,af
282,10,3,-901,77280,5543.700000000001,14118.25,23208,28562,36220.200000000004,22956.366666666665,30,af
282,10,4,-901,77412,5556.6,13909.75,23427.5,28799.75,35706.700000000004,22991.133333333335,30,af
282,10,5,-901,77744,5580.500000000001,13592.5,22476,28344.25,35224.50000000001,22961.7,30,af
282,10,6,-901,77611,5597.800000000001,13285,22061,28188.25,34965.50000000001,22959.4,30,af
282,10,7,-901,77877,5613.800000000001,13090.5,21669.5,28129.25,35598.40000000001,22990.3,30,af
282,10,8,-901,77877,5649.700000000001,12953.75,21422,30114.75,36507.799999999996,23035.966666666667,30,af
282,10,9,-901,77877,5769.000000000001,12740.75,21650.5,31744.5,36673,23118.8,30,af
282,10,10,-901,78010,5847.1,12572,22153,32407,36073.8,23197.5,30,af
282,10,11,-901,77744,5728.4000000000005,12002.25,22499.5,32857.75,37644.3,23171.933333333334,30,af
282,10,12,-901,78010,6862.6,11774.25,22705.5,33094.25,37910.9,23309.766666666666,30,af
282,10,13,-901,77678,7225.6,11539.25,22682,33018.75,38123.8,23217.766666666666,30,af
282,10,14,-901,77744,7352.3,11426,22605.5,32711.5,38504.3,23221.233333333334,30,af
282,10,15,-901,77744,7424.200000000001,11412.5,22272,32359.25,38770.100000000006,23171.1,30,af
282,10,16,-901,77811,7470.600000000001,11501,21949,31877.5,38537.9,23159.233333333334,30,af
282,10,17,-901,77744,7496.200000000001,11578.25,21617.5,31282.5,38332.700000000004,23104.766666666666,30,af
282,10,18,-901,77744,7520.1,11630,21560.5,30960,38200.100000000006,23045.7,30,af
282,10,19,-901,77811,7526.6,11663.25,21484,30595.25,37947.200000000004,22908.266666666666,30,af
282,10,20,-901,78076,7552.800000000001,11596.25,21440,30372.5,37670.90000000001,22875.6,30,af
282,10,21,-901,78143,7578.3,11552.25,21350.5,29984.5,37298.3,22791.7,30,af
282,10,22,-901,78143,7603.000000000001,11549.25,21180,29421,36973.00000000001,22739.266666666666,30,af
282,10,23,-901,78143,7628.5,11544,21193,29273.75,36633.70000000001,22676,30,af
282,10,24,-901,78076,7646.700000000001,11665,20873.5,29309.75,36340.90000000001,22454.033333333333,30,af
282,10,25,-901,78010,7262,11919,20682,30066.25,36099.8,22502.466666666667,30,af
282,10,26,-901,77943,6876.1,11984.75,20936.5,30318.25,35934.200000000004,22384.266666666666,30,af
282,10,27,-901,78010,6649.3,11959.25,21287,29812.75,35781.40000000001,22268.5,30,af
282,10,28,-901,78010,6716.9,11959.25,21208.5,29523.75,35894.600000000006,22182.033333333333,30,af
282,10,29,-901,78010,6746.9,12344.5,21075,29277.75,36054.50000000001,22171.733333333334,30,af
282,10,30,-901,78143,6811.9,12809.5,20727,29011.5,36126.50000000001,22169.866666666665,30,af
282,10,31,-901,78143,6824.3,12948.25,20066.5,28976.5,36179.90000000001,22231.7,30,af
282,11,1,3011,78010,7627.700000000001,14730,20126.5,28798.75,36206.00000000001,22896.3,30,af
282,11,2,3020,78210,7630.8,14895,19725,28940.25,36164,22733.5,30,af
282,11,3,3033,78343,7714.200000000001,14022.75,19578,29117.75,36220.3,22612.433333333334,30,af
282,11,4,3046,78543,7787.700000000001,12929.25,19735,29248.25,36341.799999999996,22505.066666666666,30,af
282,11,5,3072,78743,7788.5,12336.25,19574.5,29519.25,36552.399999999994,22361.866666666665,30,af
282,11,6,3081,78609,7870.3,12377,19531.5,29670.75,36907.5,22205.76666666667,30,af
282,11,7,3095,78943,8033.1,12421,19736.5,29686,37099.6,22053.26666666667,30,af
282,11,8,3121,78810,6983.700000000001,12461,19876.5,29731.25,37269.3,21953.833333333336,30,af
282,11,9,3130,78810,6813.9,12514.75,19745,29738.5,37514.799999999996,21866.633333333335,30,af
282,11,10,3130,78943,6851.6,12530.25,19705,29285.25,37713.7,21889.233333333334,30,af
282,11,11,3139,78676,6847.7,12565.5,20005.5,28973,37798.6,22132.033333333333,30,af
282,11,12,3139,78743,6963.8,12599.75,19425,28572,37390.6,22031,30,af
282,11,13,3157,78676,7047.9,12628.75,19815,28109.75,36939.3,22105.366666666665,30,af
282,11,14,3166,78543,7119.8,12673.25,20235,28350.5,36712.9,22176.8,30,af
282,11,15,3175,78743,7182.3,12717.5,20625,28534.5,36675.700000000004,22240.733333333334,30,af
282,11,16,3189,78810,7233,12749.25,20420,28741.75,36937.6,22265.966666666667,30,af
282,11,17,3203,78810,7316.7,12755.75,20235,28883.5,37022.9,22276.033333333333,30,af
282,11,18,3221,78877,7296.6,12803.25,19955,29006,36969.3,22270.833333333336,30,af
282,11,19,3239,79010,7359.4,12823,19630,29210.25,37021.7,22265.933333333334,30,af
282,11,20,3253,79077,7237.200000000001,12749.5,19316,29323.75,37066.3,22214.9,30,af
282,11,21,3266,79144,7057.5,12454.5,18807,29524,37133.3,22148.433333333334,30,af
282,11,22,3303,79144,7056,11901,18148.5,29588.25,37188.600000000006,22103.233333333334,30,af
282,11,23,3335,79211,7259.4,11426,17940,29694,37343.9,22078.766666666666,30,af
282,11,24,3359,79211,7631.9,10935,18035,29828.75,37496.200000000004,22084.2,30,af
282,11,25,3096,79278,7517.8,10524.25,18155,30007,37583.50000000001,22028.766666666666,30,af
282,11,26,3376,79278,7647.4,11055.5,18295,29859.75,37684.3,22116.066666666666,30,af
282,11,27,3434,79345,7755.3,11783,18420,29454,37791,22218.766666666666,30,af
282,11,28,3457,79479,7887.8,12507,18555,29734.5,37856.00000000001,22348.133333333335,30,af
282,11,29,3481,79546,7921.9000000000005,13180.25,18720,29980.5,37956.100000000006,22493.2,30,af
282,11,30,3500,79546,7984.5,13390.25,18820,30122.5,38006.5,22540.266666666666,30,af
282,12,1,3519,79479,8049.1,13513,18900,30358.25,38162.4,22667.466666666667,30,af
282,12,2,3543,79680,8099.4000000000005,13613.25,19055,30590.25,38305.9,22769.2,30,af
282,12,3,3563,79747,8175.8,13458,19145,30766,38366.1,22836.633333333335,30,af
282,12,4,3601,79814,8244.199999999999,13555.5,19440,30966.5,38477.600000000006,22933.133333333335,30,af
282,12,5,3635,79882,8365.6,13084.5,19999.5,30445,38441.100000000006,22998.8,30,af
282,12,6,3675,79882,8442.8,12663.25,20015.5,30152.25,38504.3,23072.166666666664,30,af
282,12,7,3704,79949,8629.1,12322.25,19476,30053.25,38645.8,23060.9,30,af
282,12,8,3729,80016,8601.9,11872.75,19095,29959.25,38704,23044.433333333334,30,af
282,12,9,3764,80083,8699.8,11523.25,19205,29874.5,38748,23043.866666666665,30,af
282,12,10,3794,80083,8769.7,11158.5,19280,29959,38806.200000000004,23066.1,30,af
282,12,11,3824,80151,8849.5,11209.75,19375,30055.5,38994.9,23099.366666666665,30,af
282,12,12,3844,80285,8936.3,11213,19535,30134.25,39012.9,23139.166666666664,30,af
282,12,13,3895,80352,9020,11223.25,19675,30250,39118.200000000004,23165.833333333336,30,af
282,12,14,3920,80555,9101.699999999999,11312.25,19830,30299.25,39202.5,23217.066666666666,30,af
282,12,15,3951,80555,9161.5,11332.75,19995,30379.5,39264.6,23240.933333333334,30,af
282,12,16,3972,80555,9247.1,11432.75,20135,30483.25,39278.700000000004,23259.4,30,af
282,12,17,4013,80555,9377.5,11339.75,20230,30544.25,39413.1,23302.933333333334,30,af
282,12,18,4034,80622,9442.1,11271.5,20375,30679.5,39515.4,23350.366666666665,30,af
282,12,19,4081,80690,9552.5,11110,20490,30765.5,39729.9,23400.633333333335,30,af
282,12,20,4092,80757,9523,10970,20620,30914.75,39789,23423.066666666666,30,af
282,12,21,4113,80757,9521.500000000002,10881,20765,30958,39825,23440.633333333335,30,af
282,12,22,4155,80892,9590.900000000001,10727.5,20595,30976.75,39828,23474.733333333334,30,af
282,12,23,4198,80825,9694.2,10830.25,20490,31026.25,39872.2,23544.066666666666,30,af
282,12,24,4236,80825,9410.2,10906.5,20355,31118.25,39805.100000000006,23589.933333333334,30,af
282,12,25,4301,80892,9762.3,11008.25,20485,31197.75,39952.6,23691.8,30,af
282,12,26,4323,80960,10016.3,11090.75,20535,31303.5,40154.100000000006,23795.233333333334,30,af
282,12,27,4361,81027,10113.2,11205.75,20650,31390.5,40205.700000000004,23898.266666666666,30,af
282,12,28,4394,81027,10211.1,11300.75,20790,31465.5,40469.90000000001,24008.466666666667,30,af
282,12,29,4433,81366,10321.8,11438.25,20980,31503,40415.90000000001,24117,30,af
282,12,30,4483,81298,10423.6,11538.25,21110,31577.5,40500.00000000001,24228.6,30,af
282,12,31,4511,81095,10539.1,11633.75,21230,31615,40613.3,24323.6,30,af
489,1,1,-901,56770,10180.3,16902.75,23648,28871.75,39312.8,24033.666666666664,30,af
489,1,2,-901,57100,10245,17027.5,23751,28997,39381.00000000001,24158.733333333334,30,af
489,1,3,-901,57440,10351.2,17194.25,23779.5,29110.75,39446.6,24266.1,30,af
489,1,4,-901,57440,10448.5,17286.75,24019,29232.75,39572.5,24390.666666666664,30,af
489,1,5,-901,57780,10555.8,17420.75,24159,29397.25,39654.4,24551.466666666667,30,af
489,1,6,-901,57780,10628,17633.25,24226.5,29497.75,39739,24536.933333333334,30,af
489,1,7,-901,58120,10676.2,17783,24373.5,29667.75,39820.9,24839.6,30,af
489,1,8,-901,58120,10823.4,17885.25,24525.5,29848.75,39926.2,25005.966666666667,30,af
489,1,9,-901,58460,10925.7,18022.5,24624,30009.75,40011.8,25161.766666666666,30,af
489,1,10,-901,58460,11027.9,18110.25,24777.5,30170.25,40141.5,25325.966666666667,30,af
489,1,11,-901,58800,11111.6,18350.5,24891,30306.25,40221.700000000004,25459.9,30,af
489,1,12,-901,58800,11205.8,18458,25104.5,30451.5,40681.7,25616.133333333335,30,af
489,1,13,-901,59140,11320.7,18659.5,25204,30673.25,41253.4,25731.766666666666,30,af
489,1,14,-901,59140,11397.1,18815.75,25347,30717.75,41539.9,25849.9,30,af
489,1,15,-901,59490,11495.099999999999,18897.5,25460,30877.25,41572.3,25973,30,af
489,1,16,-901,59490,11594.2,19046.25,25599.5,30990.25,41730.100000000006,26079.966666666667,30,af
489,1,17,-901,59830,11693.4,19136.25,25735,31249,41987.600000000006,26216.8,30,af
489,1,18,-901,59830,11792.5,19303.25,25847,31380.5,41725.9,26288.866666666665,30,af
489,1,19,-901,59830,11892.6,19476.75,25966,31593.25,41806.200000000004,26395.9,30,af
489,1,20,-901,60180,11983.7,19578,26154.5,31767.25,42018.100000000006,26520.533333333333,30,af
489,1,21,-901,60180,12079.1,19793.25,26273,31933.75,41944.100000000006,26627.766666666666,30,af
489,1,22,-901,60520,12145.400000000001,19870.5,26412,32161.25,42035.600000000006,26730.233333333334,30,af
489,1,23,-901,60520,12218,20033.25,26521,32278.75,42086.200000000004,26822.133333333335,30,af
489,1,24,-901,60870,12310.1,20177.5,26678,32496.5,42073.8,26931.9,30,af
489,1,25,-901,60870,12405.400000000001,20201.75,26800,32648.25,42103,27012.933333333334,30,af
489,1,26,-901,60870,12489.699999999999,20227.75,26913,32779.5,42213.200000000004,27109.066666666666,30,af
489,1,27,-901,60870,12564.400000000001,20134.25,26985,32951,42122.700000000004,27186.433333333334,30,af
489,1,28,-901,61220,12666.1,20156.25,27118.5,33151.25,42212.100000000006,27290.7,30,af
489,1,29,-901,61220,12724.4,20055.25,27232,33355,42262.8,27371.033333333333,30,af
489,1,30,-901,61570,12831.300000000001,20077,27308.5,33479.25,42435.5,27465.7,30,af
489,1,31,-901,61570,12971.5,20092.5,27462.5,33634.75,42320.9,27547.133333333335,30,af
489,2,1,12236,61920,13174,22450.75,27718,33833,42473.4,28685.733333333334,30,af
489,2,2,12336,61920,13339.199999999999,22525.75,27875,34013.25,42463.9,28839.466666666667,30,af
489,2,3,12426,62270,13358.800000000001,22596.75,28036.5,34902.5,42925.3,29010.933333333334,30,af
489,2,4,12527,62270,13445.5,22647.75,28163,35238.75,43033.8,29149.5,30,af
489,2,5,12617,62270,13581.9,22724.5,28309.5,35321.75,42847.100000000006,29280.366666666665,30,af
489,2,6,12708,62620,13682.599999999999,22774.5,28498,35418.25,42906.8,29389.4,30,af
489,2,7,12788,62620,13747.9,22842.75,28645.5,35551,43014.40000000001,29484.766666666666,30,af
489,2,8,12869,62970,13836.5,22885.25,28819.5,35641.75,43122.00000000001,29589.4,30,af
489,2,9,12961,62970,13962.5,22943.5,28874,35765.75,43157.50000000001,29673.733333333334,30,af
489,2,10,13031,62970,14050.4,23007.25,28992,35840.25,43238.100000000006,29758.033333333333,30,af
489,2,11,13112,63330,14130.5,22962.75,29100,35989.75,43216.90000000001,29878.8,30,af
489,2,12,13195,63330,14222.9,22921.25,29280.5,36058.25,43306.50000000001,30007,30,af
489,2,13,13301,63680,14303.1,22934.25,29402.5,36191.75,43375.200000000004,30106.566666666666,30,af
489,2,14,13385,63680,14395.9,22934.75,29509.5,36245.25,43471.00000000001,30206.8,30,af
489,2,15,13468,63680,14513.400000000001,22928,29648,36314,43302.50000000001,30295.833333333332,30,af
489,2,16,13564,64040,14560.400000000001,22898.75,29615.5,35998.25,43158.100000000006,30298.3,30,af
489,2,17,13649,64040,14656.9,22564.25,29834.5,36088.25,43136.90000000001,30281.633333333335,30,af
489,2,18,13722,64040,14637.6,22330.75,29803,36255.25,43130.40000000001,30283.933333333334,30,af
489,2,19,13807,63680,14624.4,22255.75,29584,36375.25,43085.100000000006,30243.333333333332,30,af
489,2,20,13868,63680,14604.5,22342,29692,36501,43060.90000000001,30221.9,30,af
489,2,21,13804,63680,14604.5,21910,29757,36639.75,43024.600000000006,30205.2,30,af
489,2,22,13727,63680,14601.599999999999,21342.5,29865,36762.5,42937.200000000004,30193.833333333332,30,af
489,2,23,13676,63680,14632.2,21470,29995,36871.5,42891.90000000001,30171.1,30,af
489,2,24,13612,63680,14544.8,21677.5,30092.5,37057.25,42828.4,30283.333333333332,30,af
489,2,25,13549,63680,14506.400000000001,22117.25,30103,37168,42842.9,30454.333333333332,30,af
489,2,26,13448,63680,14604.6,22939.25,30190,38862,42854.600000000006,30607.9,30,af
489,2,27,13410,63330,14706.300000000001,23038.5,30282.5,38659,42872.100000000006,30692.9,30,af
489,2,28,13348,62130,14818,22984,30358.5,38388.75,42903.1,30744.433333333334,30,af
489,2,29,14805,60730,15942.5,18916.25,27594,42911.75,50675.899999999994,31878.125,8,af
489,3,1,13348,59180,14838.800000000001,22937,30319,37929.25,42936.200000000004,30694.933333333334,30,af
489,3,2,13248,57750,14797.2,22869,30487,37956.25,42911.9,30670.8,30,af
489,3,3,13149,56330,14782.9,22830.5,30664.5,38167.5,42906,30597.433333333334,30,af
489,3,4,13100,54810,14738.8,22785,30774,38281.25,42977.8,30401.2,30,af
489,3,5,13039,53370,14710.199999999999,23453.5,30013,38396.25,42894.4,30268.333333333332,30,af
489,3,6,12060,51800,14465.8,23767.75,29813.5,38510.75,43238.600000000006,30078.233333333334,30,af
489,3,7,10642,50170,14392.6,23684.5,29339,38614.25,42652.8,29879.666666666668,30,af
489,3,8,8318,48700,14333.199999999999,23600.75,29269,38795,42665.40000000001,29782,30,af
489,3,9,5999,47160,14239.699999999999,23512.25,29532.5,39034,42650.90000000001,29644.866666666665,30,af
489,3,10,3432,47102,14192.8,23460.75,30229,39337.5,42636.40000000001,29417,30,af
489,3,11,2963,47072,14151.5,23386.75,30528.5,39037.5,42518.8,29307.833333333336,30,af
489,3,12,2959,47043,14121.8,21887.75,30674,38655,42445.600000000006,29131.466666666667,30,af
489,3,13,2974,47013,14080.9,21826,30709,38472.5,42379.100000000006,28977.366666666665,30,af
489,3,14,2982,46954,13880.1,21872.75,30664.5,38212.5,42353.90000000001,28815.533333333333,30,af
489,3,15,2967,46895,13756.900000000001,21833.5,30662.5,38092.5,42271.100000000006,28713.833333333336,30,af
489,3,16,2507,46836,13531.300000000001,21677,30585,38047.5,42167.100000000006,28555.766666666666,30,af
489,3,17,2507,46807,13263.000000000004,21628.25,30552,37960,42114.600000000006,28430.633333333335,30,af
489,3,18,2477,46748,13148.900000000003,21587.25,30497,36840,42036.90000000001,28286.166666666664,30,af
489,3,19,2436,46895,13102.600000000002,21468.25,30500.5,35529.75,41893.600000000006,28047.133333333335,30,af
489,3,20,2456,46895,11242.800000000001,21297.25,30380,34143.25,41837,27720.033333333333,30,af
489,3,21,2422,46866,8987.1,21133.25,29215,33991.75,41778.5,27362.5,30,af
489,3,22,2110,46807,6498.000000000001,20997,28622,34054.75,41699.7,27159.366666666665,30,af
489,3,23,2110,46748,5874.200000000001,20693.75,27602.5,34177,41615.8,26962.333333333336,30,af
489,3,24,2110,46660,5856.200000000001,18900.75,27345.5,34229,41539,26826.5,30,af
489,3,25,2041,46572,5836.700000000001,17172.5,27129,34276.5,41457.1,26668.866666666665,30,af
489,3,26,2047,46513,5822.6,17266,26999,34371.5,41399.6,26570.7,30,af
489,3,27,2027,46455,5804.700000000001,17352,27231,34449.75,41399.6,26520.933333333334,30,af
489,3,28,2008,46367,5791.6,17434.25,27377.5,34547.75,41337,26491.3,30,af
489,3,29,1985,46279,5771.1,17521.5,27387,34662.5,41285.4,26482.1,30,af
489,3,30,1985,46221,5748.3,17626.25,27285.5,34710,41172.2,26443,30,af
489,3,31,1973,46133,5723.5,17686,27240,34628.5,41117.6,26423.433333333334,30,af
489,4,1,1967,46045,5699,17613.75,27080,34901.5,41069.600000000006,26423.766666666666,30,af
489,4,2,1961,45929,5662.1,17570.75,27039,35247.75,40958.50000000001,26396.933333333334,30,af
489,4,3,1921,45871,5630.2,17479,26932.5,35615.25,40875.50000000001,26348.133333333335,30,af
489,4,4,1989,45754,5597.700000000001,17415.5,27057,35474.25,40740.200000000004,26292.066666666666,30,af
489,4,5,1870,45696,5560.9000000000005,17330,27031.5,35478.75,40681.5,26267.8,30,af
489,4,6,1842,45551,5523.700000000001,17245.25,26905.5,35335,40598.5,26191.666666666664,30,af
489,4,7,1836,45406,5506.8,17177.25,26885.5,35207.25,40488.4,26120.066666666666,30,af
489,4,8,1831,45435,5488.5,17088,26855,34985.75,40431.600000000006,26063.2,30,af
489,4,9,1809,45291,5906.6,16989.5,26754.5,34423.25,40370.2,25940.633333333335,30,af
489,4,10,1787,45175,6463.8,16897.75,26744,34235.5,40290.1,25891.333333333336,30,af
489,4,11,1760,45089,6679.4000000000005,16827.25,26653.5,34053.5,40205.3,25811.766666666666,30,af
489,4,12,1725,44973,6875.700000000001,16741.75,26681,33924,40146.8,25742.6,30,af
489,4,13,1680,44858,7047.300000000001,17172.5,26640,33547,39947.8,25696.1,30,af
489,4,14,1647,44772,7204.700000000001,18437.5,26640.5,33359.5,39883.9,25692.066666666666,30,af
489,4,15,1614,44629,7351.6,19410,26648.5,33031.25,39784.00000000001,25673.166666666664,30,af
489,4,16,1559,44514,7482.9000000000015,19592.25,26608.5,32729.25,39773.200000000004,25651.433333333334,30,af
489,4,17,1498,44400,7590.800000000001,19563.5,26568.5,32106.75,39664.3,25621.833333333336,30,af
489,4,18,1438,44285,7706.300000000001,19514,26547.5,31589,39638.200000000004,25596.3,30,af
489,4,19,1351,44171,7750.9000000000015,19457.25,27153,31429,39609.5,25544.566666666666,30,af
489,4,20,1317,44086,7696.100000000001,19374.75,26939.5,31335,39601.4,25481.433333333334,30,af
489,4,21,1256,43972,7634.500000000001,19359.75,26684,31212.25,39619.5,25406.633333333335,30,af
489,4,22,1191,43887,7572.9000000000005,19283.25,26487,31145.75,39575.299999999996,25320.966666666667,30,af
489,4,23,1141,43774,7492.4000000000005,19210,26269,31056.25,37968.00000000001,25084.633333333335,30,af
489,4,24,1095,43680,7445.700000000001,19140,26291.5,30988.5,38037.3,24949.3,30,af
489,4,25,1048,43570,7411.200000000001,19071.25,27032,31047.75,37936.600000000006,24867.3,30,af
489,4,26,998,43490,7353.6,18078.75,26998.5,29905.25,37761.200000000004,24638.133333333335,30,af
489,4,27,1007,43540,7302.100000000001,16884.25,26918.5,30275,37504.2,24466.166666666668,30,af
489,4,28,964,43560,7231.700000000001,16372.5,26889.5,30477.5,37163.4,24315,30,af
489,4,29,934,43680,7173.700000000001,16317,26909.5,30655,37149.3,24183.333333333332,30,af
489,4,30,878,43740,7116.8,16264.5,26920.5,30842.75,36257.9,24056.933333333334,30,af
489,5,1,837,43740,7054.000000000001,16199,27800.5,30944,36243.4,24254.633333333335,30,af
489,5,2,789,43740,6997.4000000000015,16123.75,27720,30510,36877.5,24229.666666666664,30,af
489,5,3,750,43540,6941.300000000001,16059.25,27630,30632.5,36809.100000000006,24104.766666666666,30,af
489,5,4,711,43490,6880.4000000000005,16007,27500,30590,36035.8,23921.466666666667,30,af
489,5,5,668,43430,6826.8,15955,27430,30547.5,36004.1,23731.833333333336,30,af
489,5,6,628,43490,6757.500000000001,15908,27340,30448.75,35976.6,23664.166666666664,30,af
489,5,7,598,43320,6686.3,16520.25,27140,30448.75,35922.4,23564.933333333334,30,af
489,5,8,572,43370,6611.6,16857,26502,29922.5,35827.600000000006,23441.4,30,af
489,5,9,537,43400,6541.9000000000005,16869,26412,29962.5,35735.3,23376.1,30,af
489,5,10,515,43180,6467.4000000000005,16835.25,25633,30133,35640.4,23241.6,30,af
489,5,11,495,42840,6389.9000000000005,16999.75,26019,30118,35567.200000000004,23166.7,30,af
489,5,12,460,42760,6317.200000000001,16720.75,26225,30092.5,35622.9,23034.1,30,af
489,5,13,439,42870,6257.300000000001,16461.5,26101,29975,35680.2,22900.066666666666,30,af
489,5,14,413,42900,6197.700000000001,16165.75,25458.5,29955,35055.6,22737.1,30,af
489,5,15,390,42900,6132.200000000001,15779.5,25111,30320,34989,22710.066666666666,30,af
489,5,16,385,42730,6190.4000000000005,15383.25,24783.5,30547.25,35008.4,22674.866666666665,30,af
489,5,17,338,42760,6039.6,14612.5,24634.5,30529.75,35021,22628.833333333336,30,af
489,5,18,337,43770,5975.300000000001,13991.25,24598,30624.5,35466.8,22701.6,30,af
489,5,19,338,43880,5911,13834,24558.5,30631,36183.700000000004,22712.9,30,af
489,5,20,333,43740,5831.8,13641.75,24633.5,30591,37057.50000000001,22651.1,30,af
489,5,21,320,43650,5757.6,13530.25,24684,30586,37878.200000000004,22629.933333333334,30,af
489,5,22,527,43630,5666.700000000001,13435.25,24705.5,30581.25,38608.200000000004,22621.066666666666,30,af
489,5,23,483,43490,5572.200000000001,13251.25,24634.5,30558.25,39262.200000000004,22506.433333333334,30,af
489,5,24,435,43910,5475.4,13058.5,24204.5,30406,40951.7,22476.8,30,af
489,5,25,373,43970,5364.2,12871.5,22854.5,30276.25,40806,22509.466666666667,30,af
489,5,26,323,44620,5310.3,12723.25,23704.5,30157,40898,22557.4,30,af
489,5,27,302,44340,5224,12619,24580,29994.5,40819,22609.5,30,af
489,5,28,206,44390,5200.3,12523.5,24574.5,29871,41751.299999999996,22554.9,30,af
489,5,29,134,44620,5170.6,11923.75,24510.5,29769,42478.200000000004,22489.866666666665,30,af
489,5,30,101,44420,5123.6,11777,24941.5,29642.25,42447.299999999996,22455.966666666667,30,af
489,5,31,-901,43910,5080.3,11618.25,24735,29570.75,41588.9,22378.266666666666,30,af
489,6,1,239,44310,5223.9,11464.75,24639,29483.5,40574,22392.933333333334,30,af
489,6,2,321,43990,5219.8,11321.75,24767,29400.75,40467.5,22344.6,30,af
489,6,3,830,43820,5118.6,11189.25,24651,29294.5,41593.2,22264.666666666664,30,af
489,6,4,848,43800,5018,11035.75,24489.5,29189.5,42385.4,22156.166666666664,30,af
489,6,5,1219,43630,4976.2,10925,24435,29147.75,42281.5,22052.9,30,af
489,6,6,1204,43710,4908.3,10795.5,24400,29125.25,42094.5,21983.4,30,af
489,6,7,1191,43490,4812.7,10661.5,24258.5,30212.25,41980.3,21961.133333333335,30,af
489,6,8,1169,43710,4899.1,10519.25,24139,30895,41865.9,22052.2,30,af
489,6,9,1137,43770,4759.4,10362.5,23996,32428.5,41780,22085.033333333333,30,af
489,6,10,1101,43785,4645,10201.5,23910.5,32281.25,41650,22148.4,30,af
489,6,11,1048,43910,4586.4000000000005,10053.5,23772.5,32494.5,41560,22129.833333333336,30,af
489,6,12,1003,44020,4477.1,9890.5,23719,32461.25,41421,22137.366666666665,30,af
489,6,13,975,44080,4416.2,9742.75,23748.5,32291.75,41635.9,22152.9,30,af
489,6,14,940,43800,4320.7,9594.25,23557,32150.5,42023.8,22118.666666666664,30,af
489,6,15,911,43680,4214.7,9448,23394.5,31925.75,42298.200000000004,22030.1,30,af
489,6,16,1062,43650,4108.2,9302,23204,31677.25,42619.4,21947.066666666666,30,af
489,6,17,1079,43710,4138.5,9152.75,23288,31485.75,42831.9,21828,30,af
489,6,18,1054,43710,4087.4,8996.75,23572,31358.75,42519.200000000004,21792.3,30,af
489,6,19,1015,43880,4010.6000000000004,8825.75,23579,31221.75,42005.8,21609.133333333335,30,af
489,6,20,971,43860,3925.5000000000005,8622.25,23293,31073.25,41408.4,21395,30,af
489,6,21,985,44220,3867.5000000000005,8640.75,23050.5,30916,41297.8,21276.966666666667,30,af
489,6,22,1079,44710,3782.8,8307.5,22866.5,30788,41837.700000000004,21168.433333333334,30,af
489,6,23,1135,44880,3690.3000000000006,8172,22723.5,30624.5,43101.9,21133.333333333336,30,af
489,6,24,1135,44850,3585.2000000000003,8281.75,23027,30331.25,43154.9,21117.766666666666,30,af
489,6,25,1097,44850,3500.2000000000003,8657.25,23047,30191.25,43182.9,21129.5,30,af
489,6,26,1060,44620,3386.9000000000005,8282,23117,30081,43007.7,21010.066666666666,30,af
489,6,27,1040,44140,3289.3,8016.75,23256.5,28420.75,42798.700000000004,20886.833333333336,30,af
489,6,28,1011,44020,3180.2000000000003,7817,23195,27802.75,42855,20796.866666666665,30,af
489,6,29,1133,43910,3195.7999999999997,7748.75,23155,27569.25,42869,20813.066666666666,30,af
489,6,30,1158,43800,3087,7615,23093,27436,41853.1,20685.7,30,af
489,7,1,1135,43740,3150.8,7386.25,23727,27116.5,42253.9,20666.6,30,af
489,7,2,1095,43740,3400.6000000000004,7040.75,23198,28988.75,42309.4,20894.066666666666,30,af
489,7,3,1072,43650,3674.5,6914.75,23874.5,29989.75,42261.2,20990.433333333334,30,af
489,7,4,1097,43600,3670.9000000000005,6805.75,23725,30695.25,42363.4,21076.6,30,af
489,7,5,1406,43510,3628.2000000000003,6706.25,23580,30880.5,42360,21048.066666666666,30,af
489,7,6,1417,43810,3578.3,6687.25,23569.5,30942.5,42241,21000.066666666666,30,af
489,7,7,1424,43510,3524.4000000000005,6314.75,23588.5,30913.5,42167,20879.966666666667,30,af
489,7,8,1420,43340,3454.3,6391,23346,30892,41701.1,20787.866666666665,30,af
489,7,9,1410,43260,3393.3,6459,23052,30825,41560.2,20735.566666666666,30,af
489,7,10,1387,43260,3363.8,6553,22749,30730.5,41438.8,20739.766666666666,30,af
489,7,11,1378,43010,3311.7000000000003,6349.75,22699,30743.5,41359,20723.166666666664,30,af
489,7,12,1371,42870,3257.0000000000005,7022.25,22580.5,30649,41293.5,20672.666666666664,30,af
489,7,13,1346,42730,3221.0000000000005,8169.5,22619,30581.75,41155.3,20724.766666666666,30,af
489,7,14,1312,42790,3200.2000000000003,8365.5,21358,30527.75,41012.1,20609.6,30,af
489,7,15,1317,42980,3362.4,8403.5,21016,30643,40940,20584.5,30,af
489,7,16,1265,42980,3313.9,8404,21138.5,31227.5,40800.8,20601.3,30,af
489,7,17,1281,42950,3258.7000000000003,8367.25,20454.5,31099.5,40584.1,20452.433333333334,30,af
489,7,18,1385,43540,3163.9,8291.25,20586,30993.75,40461.5,20306.766666666666,30,af
489,7,19,1505,43600,3142.1000000000004,8218.25,19956.5,30874,40301.8,20147.566666666666,30,af
489,7,20,1619,43430,3091.6000000000004,8152.75,19849.5,30979.25,40127.3,19985.733333333334,30,af
489,7,21,1581,43660,3014.9,8112.75,19697.5,30940.25,39972.9,19819.166666666664,30,af
489,7,22,1532,43660,2947.5,8010.5,19560.5,31193.25,39735.6,19772.066666666666,30,af
489,7,23,1488,43630,2872.3999999999996,7984.5,19423.5,31887.5,39586.9,19811.766666666666,30,af
489,7,24,1481,43570,2809.2,7919.5,19268,32362.75,39397,19785.8,30,af
489,7,25,1519,43430,2782.5,7847.25,18990,32261.25,39197,19799.633333333335,30,af
489,7,26,1524,43040,2883.6,7805.25,18746,31929,37665.40000000001,19705.566666666666,30,af
489,7,27,1476,42840,2919.1000000000004,8425.5,18473,31766.5,37668.90000000001,19676.333333333336,30,af
489,7,28,1434,42840,2941.9000000000005,8948.5,18231.5,31964.25,37766.200000000004,19686.433333333334,30,af
489,7,29,1376,44571,2949.9,8939,17919,32345,41041,20166.833333333336,30,af
489,7,30,1303,44945,2945.3,8887.5,17398,33475,40926,20285.733333333334,30,af
489,7,31,1321,42870,2941.2000000000003,8836,18454,34570,40761,20358.2,30,af
489,8,1,1294,43060,3025.8,8769.5,18698.5,35305,40537.4,20518.633333333335,30,af
489,8,2,1219,43820,2895.5,8780.5,18854,35215,40362.100000000006,20442.366666666665,30,af
489,8,3,1154,44140,2963,8721.75,18720,35257.5,40035.1,20236.766666666666,30,af
489,8,4,1116,43680,2933.3,8663,18716.5,33707.5,39159.3,20041.4,30,af
489,8,5,1064,43710,2913.9000000000005,8582,18712,33110,37158.600000000006,19840.566666666666,30,af
489,8,6,965,43490,2897.2000000000003,8513.75,18641,33050,36887.600000000006,19679.266666666666,30,af
489,8,7,878,43260,2885.2000000000003,8445.5,18535,32990,37028.600000000006,19597.733333333334,30,af
489,8,8,933,43010,2882.5000000000005,8372.5,18444,33234,36963.100000000006,19536.633333333335,30,af
489,8,9,1294,42700,2876.3000000000006,8334.5,18350.5,33060,36865.50000000001,19460.333333333336,30,af
489,8,10,1314,42540,2981.5000000000005,8325.75,18228.5,32479.25,36690.50000000001,19374.3,30,af
489,8,11,1274,43320,3163.9000000000005,8320.25,18151.5,32922.5,36615.5,19408.066666666666,30,af
489,8,12,1219,43660,3317.4000000000005,8404.75,18552.5,33067.25,36446.4,19392.033333333333,30,af
489,8,13,1165,43770,3407.4000000000005,8783.75,18945,33007.5,36267.3,19389.233333333334,30,af
489,8,14,909,43940,3545.0000000000005,8758,18792,32927.5,36136.2,19471.2,30,af
489,8,15,1052,43820,3487.0000000000005,8749.75,18701.5,32775,36198.3,19401.2,30,af
489,8,16,987,43630,3429.9000000000005,8816.5,18613.5,32352.5,36244.9,19377.333333333336,30,af
489,8,17,909,43400,3378.0000000000005,8699.25,18652.5,32237.5,36264.9,19381.133333333335,30,af
489,8,18,845,43200,3323.6000000000004,8576.5,19122,32335,36193.3,19440.933333333334,30,af
489,8,19,788,42980,3276.8,8441.75,19260,32342.5,36199.40000000001,19581.2,30,af
489,8,20,708,43180,3248.3,8349.25,19163.5,31985,36063.6,19630.5,30,af
489,8,21,630,43340,3292.9,8294.5,19150.5,31415,35977.9,19690.033333333333,30,af
489,8,22,582,43290,3259,8220.5,19794.5,30865,36074,19701.066666666666,30,af
489,8,23,519,43200,3548,8201,19714,30395,36334,19739.133333333335,30,af
489,8,24,456,43060,3611.6,8137.5,19755,29712.5,36380,19761.733333333334,30,af
489,8,25,393,43090,3715.7000000000003,8098.5,19716.5,28990,36546,19735.966666666667,30,af
489,8,26,467,43320,3788.4,8275,20047.5,28825,36554,19741,30,af
489,8,27,489,43460,3765.7000000000003,8346,20652,29985,36498.00000000001,19792.433333333334,30,af
489,8,28,452,43490,3670.2000000000003,8349.75,20652.5,31112.5,36387.00000000001,19827.833333333336,30,af
489,8,29,417,43510,3584.2000000000003,8175.75,20879,32236.5,36284,19831.666666666664,30,af
489,8,30,383,43540,3518.5000000000005,7833.75,20845.5,32254.5,36139,19869.5,30,af
489,8,31,341,43510,3424.0000000000005,7828.75,20874.5,32192.75,37634,19856.066666666666,30,af
489,9,1,296,43490,3367.8,7659.75,20887,32172.5,38116.00000000001,19821.6,30,af
489,9,2,537,43340,3318.9,7484.25,20981,32286,38162.8,19807.866666666665,30,af
489,9,3,555,43200,3287.5000000000005,7306.5,21049.5,32248.75,37992.90000000001,19780.366666666665,30,af
489,9,4,533,43290,3237.8,7127.5,20310,32217.25,37813.100000000006,19670.533333333333,30,af
489,9,5,503,43200,3182.0000000000005,6943.75,19641.5,32133.25,38055.200000000004,19568.033333333333,30,af
489,9,6,471,43060,3115.6000000000004,6767,19472,32024.5,37376.700000000004,19478.033333333333,30,af
489,9,7,417,43820,3068.8,6655.75,19250.5,31923.75,37214.40000000001,19463.666666666664,30,af
489,9,8,409,44080,3017.4,6558.5,18985.5,31909.5,37036.700000000004,19435.833333333336,30,af
489,9,9,394,44110,2959.4,6462,19009,31894.5,36796.200000000004,19473.366666666665,30,af
489,9,10,378,44450,2895.5000000000005,6363,19492.5,31769,36587.50000000001,19520.7,30,af
489,9,11,706,44280,2835.5,6298.5,19544.5,31628.75,37255.600000000006,19734.5,30,af
489,9,12,1613,43650,2782.6,8340,20725.5,31528.75,37985.90000000001,20322.8,30,af
489,9,13,1619,44480,2723.8,8315,20734,31992.5,38780.7,20655.533333333333,30,af
489,9,14,0,44390,2670.9,6096.5,20651,32102.75,39509.7,20196.5,30,af
489,9,15,2107,44540,3038.5,8317.5,20533.5,32134.25,39693.2,20741.166666666664,30,af
489,9,16,2166,45200,3890.0000000000005,8305,20577.5,32128.5,39631.6,20843.466666666667,30,af
489,9,17,2162,45630,3885.8,8277.5,20452.5,33304,39566.5,21035.9,30,af
489,9,18,2144,45170,3876.4,8220,20265,33456.5,39462.9,21002.833333333336,30,af
489,9,19,2122,43010,3886.5,8150,20068.5,33564,39308.4,20884.666666666664,30,af
489,9,20,2110,42590,3952.4,8077.5,19890,33536.5,39178.2,20871.533333333333,30,af
489,9,21,2576,42650,4080.2,8025,19694,33319.25,39138.2,20922.066666666666,30,af
489,9,22,2700,42650,4182.3,7960,19496,33143.25,39008,20915.266666666666,30,af
489,9,23,2685,42400,4188.6,8150.25,19453,32931.5,38840.7,20873.833333333336,30,af
489,9,24,2675,42540,4152.6,8317.5,19432,32567.25,37414.600000000006,20759.399999999998,30,af
489,9,25,2658,42540,4122,8614.5,19448,31527.25,37422.100000000006,20662.533333333333,30,af
489,9,26,2640,42510,4107.6,8982.75,19347,30927,37433.40000000001,20488.100000000002,30,af
489,9,27,2605,42510,4065.7,9244.25,19323.5,30357.5,37417.600000000006,20321.866666666665,30,af
489,9,28,2578,42840,4015.3,9250.5,19225,30028,37425.100000000006,20160.399999999998,30,af
489,9,29,2537,43010,3984,7971,19213.5,29951.25,37311.9,20032.899999999998,30,af
489,9,30,2484,43230,4069.3999999999996,7277.5,19193,29865.25,37285.50000000001,19871.833333333336,30,af
489,10,1,2438,43570,4093.7000000000003,7977.5,19869.5,29775,37212.9,19913.2,30,af
489,10,2,2386,43340,4075.4,8037.5,20308,29707.5,37302.4,19900.5,30,af
489,10,3,2341,43120,4067.4000000000005,8842.5,20350,29826,37155.8,19923.1,30,af
489,10,4,2294,42950,4057.1,9157.5,20173.5,30653.75,36877.9,19921.6,30,af
489,10,5,2265,42620,4041.1000000000004,9162.5,19122.5,30856.25,36863.00000000001,19804.6,30,af
489,10,6,2341,42230,3937.4,10209.5,18724,31217.25,36781.3,19910.3,30,af
489,10,7,2316,43340,3838.2000000000003,10773,18766.5,30976.75,36722.8,19973.433333333334,30,af
489,10,8,2272,43180,4002.4,10721.75,18732,30714.75,36709.200000000004,19963.833333333332,30,af
489,10,9,2225,43220,3997.9,10642,18777.5,30361.75,36584.700000000004,19889.133333333335,30,af
489,10,10,2200,43290,3972.8,10598.25,18658.5,29997.25,36506.00000000001,19731.8,30,af
489,10,11,2185,43290,3945.9,10547,18350.5,29697.5,36201,19564.566666666666,30,af
489,10,12,2170,43200,3927.1,10501.75,18673,29427.25,35595,19440.366666666665,30,af
489,10,13,2158,43010,3915.9,10450.25,18649.5,29369.25,34924.8,19279.433333333334,30,af
489,10,14,2146,42980,3904.2000000000003,10389.25,18657,29304.5,34874.600000000006,19119,30,af
489,10,15,2134,42920,3888.6000000000004,10354.5,18672,28560,34822.3,18955.333333333332,30,af
489,10,16,2122,42730,3860.7999999999997,10321,17806.5,27027.5,34754.1,18770.266666666666,30,af
489,10,17,2110,42650,3833.9,10249.75,17019,25265,34696.8,18598.166666666668,30,af
489,10,18,2092,41850,3797.6,10161,16326.5,24787.5,34651.6,18426.1,30,af
489,10,19,2077,42370,3766.3,10117,15470.5,24657.5,34599.3,18332.933333333334,30,af
489,10,20,2068,42290,3739.1000000000004,10068.5,15407.5,24520,34636.6,18251.466666666667,30,af
489,10,21,2056,42150,3711.8,10040.5,15426.5,24447.5,34605,18225.066666666666,30,af
489,10,22,2048,42040,3685.0000000000005,9999.5,15519,24422.5,34577.3,18255.533333333333,30,af
489,10,23,2036,41960,3661.1000000000004,9957.5,15560.5,24292.5,34526.1,18263.033333333333,30,af
489,10,24,2024,41870,3634,11800.5,15614.5,24210,34501.4,18474,30,af
489,10,25,2001,41820,3606.4,11751.75,15894,24137.5,34441.1,18514.433333333334,30,af
489,10,26,1975,41760,3576.2,11694.75,16175,24105,34382.5,18359.133333333335,30,af
489,10,27,1964,41680,3568.5,11636,16357.5,23990,34088.6,18173.166666666668,30,af
489,10,28,1969,41630,3568.3,11575.75,16569,23920,32995.5,18090.6,30,af
489,10,29,1981,41380,3707.5,11532.75,16937,23855,32905.9,18089.4,30,af
489,10,30,1981,41380,3856.1,11474,17007,23852.5,32831.9,18097.2,30,af
489,10,31,1981,41300,4008.6,11417,17096.5,23775,32835.700000000004,18118.233333333334,30,af
489,11,1,2080,41120,4125.4000000000005,11492.25,17223.5,23880,32873.200000000004,18209.6,30,af
489,11,2,2200,41820,4273.2,11646,17343,23975,33006.5,18378.1,30,af
489,11,3,2313,42090,4419,11783.25,17455,24072.5,33119.100000000006,18560.466666666667,30,af
489,11,4,2395,42090,4554.5,11923,17574.5,24262.5,32965.8,18687.4,30,af
489,11,5,2467,42370,4691.500000000001,12063.5,17734.5,24425,33343.8,18817.5,30,af
489,11,6,2534,42370,4823.2,12174.25,17848,24597.5,33469.3,18953.2,30,af
489,11,7,2598,42650,4968.3,12290.75,17977,24700,33584.8,19039.733333333334,30,af
489,11,8,2664,42650,5088.1,12448,18093,23597.5,33698.8,19096.266666666666,30,af
489,11,9,2735,42920,5176.9000000000005,12597.25,18225.5,23525.75,33817.600000000006,19154.8,30,af
489,11,10,2800,42920,5243.8,12732,18281.5,23661.25,33947.5,19195.933333333334,30,af
489,11,11,2866,42920,5315.200000000001,12897,17353.5,23807.25,34083.1,19243.266666666666,30,af
489,11,12,2949,43200,5390.5,13047.5,17467.5,23932.5,34178.9,19306.966666666667,30,af
489,11,13,3025,43200,5466.8,13215,17582.5,24080.5,34315.5,19429.733333333334,30,af
489,11,14,3110,43490,5550.9000000000005,13372.5,17762,24233,34405,19568.633333333335,30,af
489,11,15,3190,43770,5629.3,13530,17913,24331.75,34522.4,19704.3,30,af
489,11,16,3283,44050,5731.7,13705,18049.5,24507,34650.600000000006,19842.4,30,af
489,11,17,3365,44310,5823.4,13857.5,18186,24606,34826.5,19965.266666666666,30,af
489,11,18,3449,44310,5927,14002.5,18272.5,24706.75,34833.8,20080.533333333333,30,af
489,11,19,3538,73837,6047.5,14177.5,18511,26350,36516.9,21989.6,30,af
489,11,20,3634,44910,6167,14277.5,18595.5,24942.75,34982.200000000004,20273.8,30,af
489,11,21,3726,44910,6289.3,14528.75,18442.5,25064.75,35099.200000000004,20353.2,30,af
489,11,22,3825,45780,6421,14500,18014,25171.75,35193,20378.8,30,af
489,11,23,3930,46660,6538.8,14592.5,18041.5,25257.5,35318.3,20377.6,30,af
489,11,24,4037,47250,6652.7,14457,18323.5,25375,35433.8,20381.6,30,af
489,11,25,4141,47550,6749.4,14539,18442,24664.75,35525.200000000004,20374.633333333335,30,af
489,11,26,4242,47850,6874.6,14667.25,18579.5,24459.75,35622.4,20412.5,30,af
489,11,27,4340,47850,6983.200000000001,14762.5,18708.5,24571.25,35722.200000000004,20444.866666666665,30,af
489,11,28,4439,48150,7110.5,14898,18270,24672.75,35841.100000000006,20479.766666666666,30,af
489,11,29,4544,48150,7229,14653.5,18430,24804.25,35919.4,20516.566666666666,30,af
489,11,30,4657,48460,7362.1,14735.5,18590,24930.75,36011.700000000004,20551.7,30,af
489,12,1,4766,48460,7436,15320,18830,25196,36254,20897.620689655174,29,af
489,12,2,4866,48760,7528.8,15470,18920,25346,36351.6,21016.379310344826,29,af
489,12,3,4994,48760,7630.4,15650,19100,25478,36456,21235.137931034482,29,af
489,12,4,5136,48760,7736.4,15762,19260,25591,36554.6,21490.44827586207,29,af
489,12,5,5285,49060,7844.6,16080,19480,25686,36658.4,21677.172413793105,29,af
489,12,6,5506,49060,7941.6,16230,19630,25648,36733.6,21862.44827586207,29,af
489,12,7,5572,49370,7973.200000000001,16340,19770,25743,36857.399999999994,21976.93103448276,29,af
489,12,8,5639,49680,8112.2,16490,19940,25857,36937.799999999996,22226.55172413793,29,af
489,12,9,5791,55578,8186.4,16650,20320,28700,38812.799999999996,23398.793103448275,29,af
489,12,10,5928,55680,8287.6,16843,20490,28760,38931.6,23535.275862068964,29,af
489,12,11,6054,50300,8378.4,16890,20660,26203,37272.6,22508.58620689655,29,af
489,12,12,6177,50180,8477.4,17070,20850,26357,37368,22625.93103448276,29,af
489,12,13,6313,50920,8581.6,17220,20980,26416,37499.799999999996,22777.310344827587,29,af
489,12,14,6472,51240,8679.6,17360,21100,26513,37570,22896.655172413793,29,af
489,12,15,6629,51550,8764.4,17530,21280,26571,37661.2,23016,29,af
489,12,16,6768,51870,8866,17670,21400,26708,37742,23132.310344827587,29,af
489,12,17,6903,51870,8955.2,17830,21520,26826,37843.4,23249.44827586207,29,af
489,12,18,7027,51870,9071,17960,21710,26963,37945.799999999996,23365.275862068964,29,af
489,12,19,7160,52190,9146.8,18120,21880,27042,38068.2,23487.51724137931,29,af
489,12,20,7395,52500,9237,18180,22020,27181,38185.6,23611.44827586207,29,af
489,12,21,7578,52830,9331.6,18350,22157,27280,38256.799999999996,23725.724137931036,29,af
489,12,22,7727,53150,9407.6,18450,22360,27380,38390.6,23863.137931034482,29,af
489,12,23,7871,53790,9497.4,18530,22480,27500,38468,23998.310344827587,29,af
489,12,24,8017,54120,9616,18620,22578,27600,38550.6,24111.793103448275,29,af
489,12,25,8157,54450,9717.2,18720,22790,27701,38648,24234.48275862069,29,af
489,12,26,8291,54770,9816,18850,22890,27923,38777.4,24375.241379310344,29,af
489,12,27,8419,55430,9874.6,19020,23070,28065,38881,24520.896551724138,29,af
489,12,28,8540,55770,9984.2,19120,23250,28269,38974.799999999996,24645.379310344826,29,af
489,12,29,8671,56100,10096.6,19220,23334,28412,39135.6,24782.896551724138,29,af
489,12,30,8812,56430,10211.8,18687,23408,28515,39245.2,24690.44827586207,29,af
